month,drug,state,detailing_calls_100s,trx
2022-01,Cardexa,AZ,2.623,1
2022-02,Cardexa,AZ,2.045,72
2022-03,Cardexa,AZ,0.211,164
2022-04,Cardexa,AZ,1.597,156
2022-05,Cardexa,AZ,0.805,196
2022-06,Cardexa,AZ,0.631,239
2022-07,Cardexa,AZ,1.426,250
2022-08,Cardexa,AZ,0.813,275
2022-09,Cardexa,AZ,0.303,308
2022-10,Cardexa,AZ,2.616,312
2022-11,Cardexa,AZ,0.848,428
2022-12,Cardexa,AZ,0.467,454
2023-01,Cardexa,AZ,1.405,372
2023-02,Cardexa,AZ,0.748,450
2023-03,Cardexa,AZ,0.522,405
2023-04,Cardexa,AZ,1.334,375
2023-05,Cardexa,AZ,1.106,404
2023-06,Cardexa,AZ,0.5,423
2023-07,Cardexa,AZ,1.154,427
2023-08,Cardexa,AZ,1.04,455
2023-09,Cardexa,AZ,1.45,441
2023-10,Cardexa,AZ,1.558,500
2023-11,Cardexa,AZ,1.0,537
2023-12,Cardexa,AZ,0.587,528
2024-01,Cardexa,AZ,1.714,491
2024-02,Cardexa,AZ,1.026,524
2024-03,Cardexa,AZ,0.484,464
2024-04,Cardexa,AZ,1.415,459
2024-05,Cardexa,AZ,0.843,486
2024-06,Cardexa,AZ,0.364,483
2024-07,Cardexa,AZ,1.561,412
2024-08,Cardexa,AZ,0.748,552
2024-09,Cardexa,AZ,0.644,441
2024-10,Cardexa,AZ,1.53,499
2024-11,Cardexa,AZ,0.822,550
2024-12,Cardexa,AZ,0.451,522
2025-01,Cardexa,AZ,1.664,464
2025-02,Cardexa,AZ,0.813,544
2025-03,Cardexa,AZ,0.566,519
2025-04,Cardexa,AZ,1.728,465
2025-05,Cardexa,AZ,0.979,504
2025-06,Cardexa,AZ,0.408,476
2025-07,Cardexa,AZ,1.597,446
2025-08,Cardexa,AZ,2.238,497
2025-09,Cardexa,AZ,1.714,541
2025-10,Cardexa,AZ,1.277,570
2025-11,Cardexa,AZ,0.769,570
2025-12,Cardexa,AZ,0.431,521
2022-01,Cardexa,CA,0.516,1
2022-02,Cardexa,CA,0.02,230
2022-03,Cardexa,CA,2.3,400
2022-04,Cardexa,CA,0.316,711
2022-05,Cardexa,CA,0.055,784
2022-06,Cardexa,CA,1.088,766
2022-07,Cardexa,CA,0.662,1001
2022-08,Cardexa,CA,0.039,1130
2022-09,Cardexa,CA,1.211,1138
2022-10,Cardexa,CA,0.366,1372
2022-11,Cardexa,CA,0.02,1413
2022-12,Cardexa,CA,0.986,1310
2023-01,Cardexa,CA,0.414,1688
2023-02,Cardexa,CA,0.075,1606
2023-03,Cardexa,CA,1.073,1541
2023-04,Cardexa,CA,0.65,1715
2023-05,Cardexa,CA,0.024,1727
2023-06,Cardexa,CA,1.265,1519
2023-07,Cardexa,CA,0.471,1743
2023-08,Cardexa,CA,1.306,1730
2023-09,Cardexa,CA,0.916,1875
2023-10,Cardexa,CA,0.467,2027
2023-11,Cardexa,CA,0.088,1914
2023-12,Cardexa,CA,0.997,1746
2024-01,Cardexa,CA,0.716,1965
2024-02,Cardexa,CA,1.329,2078
2024-03,Cardexa,CA,0.908,2041
2024-04,Cardexa,CA,0.683,2118
2024-05,Cardexa,CA,0.121,1853
2024-06,Cardexa,CA,2.425,1700
2024-07,Cardexa,CA,0.59,2177
2024-08,Cardexa,CA,0.226,2063
2024-09,Cardexa,CA,2.398,1775
2024-10,Cardexa,CA,0.667,2276
2024-11,Cardexa,CA,0.232,2256
2024-12,Cardexa,CA,1.082,1899
2025-01,Cardexa,CA,0.782,2092
2025-02,Cardexa,CA,0.02,2194
2025-03,Cardexa,CA,1.178,1877
2025-04,Cardexa,CA,0.442,2064
2025-05,Cardexa,CA,0.02,1891
2025-06,Cardexa,CA,1.304,1675
2025-07,Cardexa,CA,0.547,1915
2025-08,Cardexa,CA,1.306,1917
2025-09,Cardexa,CA,1.412,1995
2025-10,Cardexa,CA,0.506,2263
2025-11,Cardexa,CA,0.306,2050
2025-12,Cardexa,CA,0.996,1931
2022-01,Cardexa,FL,0.422,0
2022-02,Cardexa,FL,1.228,154
2022-03,Cardexa,FL,0.2,292
2022-04,Cardexa,FL,0.303,390
2022-05,Cardexa,FL,1.195,429
2022-06,Cardexa,FL,0.43,563
2022-07,Cardexa,FL,0.204,602
2022-08,Cardexa,FL,2.451,657
2022-09,Cardexa,FL,0.537,933
2022-10,Cardexa,FL,1.19,986
2022-11,Cardexa,FL,1.41,950
2022-12,Cardexa,FL,0.341,1089
2023-01,Cardexa,FL,0.085,1039
2023-02,Cardexa,FL,1.169,945
2023-03,Cardexa,FL,0.447,1066
2023-04,Cardexa,FL,0.049,1056
2023-05,Cardexa,FL,0.929,875
2023-06,Cardexa,FL,1.742,1019
2023-07,Cardexa,FL,0.15,1226
2023-08,Cardexa,FL,2.316,1106
2023-09,Cardexa,FL,0.44,1376
2023-10,Cardexa,FL,0.089,1338
2023-11,Cardexa,FL,2.442,1035
2023-12,Cardexa,FL,0.196,1449
2024-01,Cardexa,FL,0.122,1356
2024-02,Cardexa,FL,1.304,1101
2024-03,Cardexa,FL,0.355,1373
2024-04,Cardexa,FL,0.295,1207
2024-05,Cardexa,FL,1.313,1084
2024-06,Cardexa,FL,0.529,1262
2024-07,Cardexa,FL,0.274,1196
2024-08,Cardexa,FL,0.846,1100
2024-09,Cardexa,FL,0.509,1210
2024-10,Cardexa,FL,0.209,1162
2024-11,Cardexa,FL,1.388,1151
2024-12,Cardexa,FL,0.493,1358
2025-01,Cardexa,FL,0.02,1355
2025-02,Cardexa,FL,1.208,1187
2025-03,Cardexa,FL,0.508,1225
2025-04,Cardexa,FL,0.02,1252
2025-05,Cardexa,FL,1.196,1085
2025-06,Cardexa,FL,0.443,1257
2025-07,Cardexa,FL,0.224,1162
2025-08,Cardexa,FL,1.333,1141
2025-09,Cardexa,FL,0.462,1318
2025-10,Cardexa,FL,0.02,1281
2025-11,Cardexa,FL,1.385,1213
2025-12,Cardexa,FL,0.376,1460
2022-01,Cardexa,GA,0.938,1
2022-02,Cardexa,GA,1.427,80
2022-03,Cardexa,GA,0.565,187
2022-04,Cardexa,GA,0.964,228
2022-05,Cardexa,GA,0.502,272
2022-06,Cardexa,GA,0.02,316
2022-07,Cardexa,GA,1.322,273
2022-08,Cardexa,GA,0.205,417
2022-09,Cardexa,GA,0.373,420
2022-10,Cardexa,GA,1.095,438
2022-11,Cardexa,GA,0.653,474
2022-12,Cardexa,GA,0.335,509
2023-01,Cardexa,GA,1.251,511
2023-02,Cardexa,GA,0.368,605
2023-03,Cardexa,GA,0.02,591
2023-04,Cardexa,GA,1.1,498
2023-05,Cardexa,GA,0.432,532
2023-06,Cardexa,GA,0.051,578
2023-07,Cardexa,GA,1.134,507
2023-08,Cardexa,GA,0.189,553
2023-09,Cardexa,GA,0.268,552
2023-10,Cardexa,GA,1.475,560
2023-11,Cardexa,GA,1.498,690
2023-12,Cardexa,GA,0.268,778
2024-01,Cardexa,GA,1.075,676
2024-02,Cardexa,GA,1.557,718
2024-03,Cardexa,GA,0.025,799
2024-04,Cardexa,GA,1.297,673
2024-05,Cardexa,GA,0.401,679
2024-06,Cardexa,GA,0.58,677
2024-07,Cardexa,GA,1.308,603
2024-08,Cardexa,GA,0.335,702
2024-09,Cardexa,GA,0.349,653
2024-10,Cardexa,GA,1.199,595
2024-11,Cardexa,GA,0.34,788
2024-12,Cardexa,GA,0.36,670
2025-01,Cardexa,GA,0.894,616
2025-02,Cardexa,GA,0.068,750
2025-03,Cardexa,GA,0.196,648
2025-04,Cardexa,GA,1.313,629
2025-05,Cardexa,GA,0.367,708
2025-06,Cardexa,GA,0.413,648
2025-07,Cardexa,GA,1.188,574
2025-08,Cardexa,GA,0.319,709
2025-09,Cardexa,GA,0.348,604
2025-10,Cardexa,GA,1.232,619
2025-11,Cardexa,GA,0.364,775
2025-12,Cardexa,GA,0.514,706
2022-01,Cardexa,IL,0.561,1
2022-02,Cardexa,IL,2.669,88
2022-03,Cardexa,IL,1.063,191
2022-04,Cardexa,IL,0.435,275
2022-05,Cardexa,IL,1.228,285
2022-06,Cardexa,IL,1.222,347
2022-07,Cardexa,IL,0.44,384
2022-08,Cardexa,IL,1.263,415
2022-09,Cardexa,IL,1.165,506
2022-10,Cardexa,IL,0.291,540
2022-11,Cardexa,IL,1.533,492
2022-12,Cardexa,IL,1.267,546
2023-01,Cardexa,IL,0.386,687
2023-02,Cardexa,IL,1.411,606
2023-03,Cardexa,IL,0.924,699
2023-04,Cardexa,IL,0.286,654
2023-05,Cardexa,IL,1.161,608
2023-06,Cardexa,IL,1.202,664
2023-07,Cardexa,IL,0.564,651
2023-08,Cardexa,IL,1.182,607
2023-09,Cardexa,IL,1.042,653
2023-10,Cardexa,IL,0.571,696
2023-11,Cardexa,IL,1.412,688
2023-12,Cardexa,IL,0.969,807
2024-01,Cardexa,IL,0.271,837
2024-02,Cardexa,IL,1.467,704
2024-03,Cardexa,IL,1.273,779
2024-04,Cardexa,IL,0.319,825
2024-05,Cardexa,IL,1.213,720
2024-06,Cardexa,IL,1.264,712
2024-07,Cardexa,IL,0.565,788
2024-08,Cardexa,IL,1.384,684
2024-09,Cardexa,IL,1.056,796
2024-10,Cardexa,IL,0.602,734
2024-11,Cardexa,IL,1.324,741
2024-12,Cardexa,IL,1.201,813
2025-01,Cardexa,IL,1.626,888
2025-02,Cardexa,IL,1.176,896
2025-03,Cardexa,IL,1.136,832
2025-04,Cardexa,IL,0.202,798
2025-05,Cardexa,IL,1.278,690
2025-06,Cardexa,IL,0.958,727
2025-07,Cardexa,IL,0.657,770
2025-08,Cardexa,IL,2.807,737
2025-09,Cardexa,IL,0.944,916
2025-10,Cardexa,IL,0.256,883
2025-11,Cardexa,IL,1.243,715
2025-12,Cardexa,IL,1.198,794
2022-01,Cardexa,MA,1.126,1
2022-02,Cardexa,MA,0.513,55
2022-03,Cardexa,MA,0.746,107
2022-04,Cardexa,MA,1.193,156
2022-05,Cardexa,MA,0.498,205
2022-06,Cardexa,MA,0.901,198
2022-07,Cardexa,MA,1.288,212
2022-08,Cardexa,MA,0.396,263
2022-09,Cardexa,MA,0.895,265
2022-10,Cardexa,MA,1.36,332
2022-11,Cardexa,MA,0.571,380
2022-12,Cardexa,MA,0.715,419
2023-01,Cardexa,MA,1.162,354
2023-02,Cardexa,MA,1.513,401
2023-03,Cardexa,MA,0.765,431
2023-04,Cardexa,MA,1.208,452
2023-05,Cardexa,MA,0.156,396
2023-06,Cardexa,MA,1.185,401
2023-07,Cardexa,MA,1.52,442
2023-08,Cardexa,MA,0.241,473
2023-09,Cardexa,MA,0.947,423
2023-10,Cardexa,MA,1.442,410
2023-11,Cardexa,MA,0.445,522
2023-12,Cardexa,MA,0.721,476
2024-01,Cardexa,MA,1.323,469
2024-02,Cardexa,MA,1.416,509
2024-03,Cardexa,MA,2.227,497
2024-04,Cardexa,MA,1.309,568
2024-05,Cardexa,MA,0.238,547
2024-06,Cardexa,MA,0.661,439
2024-07,Cardexa,MA,1.156,417
2024-08,Cardexa,MA,1.374,463
2024-09,Cardexa,MA,0.991,517
2024-10,Cardexa,MA,2.396,470
2024-11,Cardexa,MA,0.194,583
2024-12,Cardexa,MA,2.098,517
2025-01,Cardexa,MA,1.248,587
2025-02,Cardexa,MA,0.296,529
2025-03,Cardexa,MA,1.121,512
2025-04,Cardexa,MA,1.212,464
2025-05,Cardexa,MA,0.297,531
2025-06,Cardexa,MA,0.792,426
2025-07,Cardexa,MA,1.325,430
2025-08,Cardexa,MA,0.129,449
2025-09,Cardexa,MA,0.71,426
2025-10,Cardexa,MA,1.373,485
2025-11,Cardexa,MA,0.368,505
2025-12,Cardexa,MA,1.924,470
2022-01,Cardexa,MI,0.791,0
2022-02,Cardexa,MI,0.02,73
2022-03,Cardexa,MI,1.005,116
2022-04,Cardexa,MI,0.837,182
2022-05,Cardexa,MI,0.161,225
2022-06,Cardexa,MI,1.255,251
2022-07,Cardexa,MI,0.977,303
2022-08,Cardexa,MI,0.085,377
2022-09,Cardexa,MI,0.757,371
2022-10,Cardexa,MI,0.917,392
2022-11,Cardexa,MI,0.02,492
2022-12,Cardexa,MI,1.066,433
2023-01,Cardexa,MI,0.852,489
2023-02,Cardexa,MI,0.02,551
2023-03,Cardexa,MI,0.91,488
2023-04,Cardexa,MI,1.087,509
2023-05,Cardexa,MI,0.02,538
2023-06,Cardexa,MI,0.863,500
2023-07,Cardexa,MI,0.768,528
2023-08,Cardexa,MI,0.156,565
2023-09,Cardexa,MI,0.825,508
2023-10,Cardexa,MI,0.962,570
2023-11,Cardexa,MI,0.178,655
2023-12,Cardexa,MI,0.764,590
2024-01,Cardexa,MI,0.988,636
2024-02,Cardexa,MI,0.098,685
2024-03,Cardexa,MI,0.914,587
2024-04,Cardexa,MI,1.098,624
2024-05,Cardexa,MI,0.02,605
2024-06,Cardexa,MI,1.015,561
2024-07,Cardexa,MI,1.05,542
2024-08,Cardexa,MI,0.266,608
2024-09,Cardexa,MI,1.103,586
2024-10,Cardexa,MI,1.07,595
2024-11,Cardexa,MI,1.174,686
2024-12,Cardexa,MI,1.024,729
2025-01,Cardexa,MI,0.925,739
2025-02,Cardexa,MI,0.087,665
2025-03,Cardexa,MI,1.043,579
2025-04,Cardexa,MI,0.901,657
2025-05,Cardexa,MI,0.02,679
2025-06,Cardexa,MI,0.853,542
2025-07,Cardexa,MI,0.946,584
2025-08,Cardexa,MI,1.263,644
2025-09,Cardexa,MI,0.796,673
2025-10,Cardexa,MI,0.716,687
2025-11,Cardexa,MI,0.077,649
2025-12,Cardexa,MI,0.992,604
2022-01,Cardexa,NC,0.989,2
2022-02,Cardexa,NC,2.412,72
2022-03,Cardexa,NC,0.02,173
2022-04,Cardexa,NC,0.713,213
2022-05,Cardexa,NC,0.971,224
2022-06,Cardexa,NC,0.14,331
2022-07,Cardexa,NC,0.985,321
2022-08,Cardexa,NC,1.359,368
2022-09,Cardexa,NC,0.02,424
2022-10,Cardexa,NC,0.857,418
2022-11,Cardexa,NC,2.669,468
2022-12,Cardexa,NC,0.521,642
2023-01,Cardexa,NC,1.024,542
2023-02,Cardexa,NC,1.512,552
2023-03,Cardexa,NC,0.079,587
2023-04,Cardexa,NC,0.693,559
2023-05,Cardexa,NC,1.132,508
2023-06,Cardexa,NC,0.204,601
2023-07,Cardexa,NC,1.096,470
2023-08,Cardexa,NC,1.281,544
2023-09,Cardexa,NC,0.206,672
2023-10,Cardexa,NC,0.905,539
2023-11,Cardexa,NC,0.821,622
2023-12,Cardexa,NC,0.16,670
2024-01,Cardexa,NC,0.678,552
2024-02,Cardexa,NC,1.018,622
2024-03,Cardexa,NC,0.055,658
2024-04,Cardexa,NC,1.026,590
2024-05,Cardexa,NC,1.26,585
2024-06,Cardexa,NC,0.161,621
2024-07,Cardexa,NC,0.685,588
2024-08,Cardexa,NC,1.162,527
2024-09,Cardexa,NC,0.363,663
2024-10,Cardexa,NC,1.027,583
2024-11,Cardexa,NC,1.256,626
2024-12,Cardexa,NC,0.092,698
2025-01,Cardexa,NC,0.783,636
2025-02,Cardexa,NC,1.208,635
2025-03,Cardexa,NC,0.345,699
2025-04,Cardexa,NC,0.871,644
2025-05,Cardexa,NC,1.227,624
2025-06,Cardexa,NC,0.353,680
2025-07,Cardexa,NC,0.785,602
2025-08,Cardexa,NC,1.11,601
2025-09,Cardexa,NC,0.02,698
2025-10,Cardexa,NC,0.756,566
2025-11,Cardexa,NC,0.861,629
2025-12,Cardexa,NC,0.127,692
2022-01,Cardexa,NJ,0.608,2
2022-02,Cardexa,NJ,1.245,65
2022-03,Cardexa,NJ,0.284,135
2022-04,Cardexa,NJ,0.458,183
2022-05,Cardexa,NJ,1.574,205
2022-06,Cardexa,NJ,0.444,313
2022-07,Cardexa,NJ,0.743,299
2022-08,Cardexa,NJ,1.607,381
2022-09,Cardexa,NJ,0.348,437
2022-10,Cardexa,NJ,0.778,387
2022-11,Cardexa,NJ,2.957,432
2022-12,Cardexa,NJ,0.391,586
2023-01,Cardexa,NJ,0.735,533
2023-02,Cardexa,NJ,1.74,432
2023-03,Cardexa,NJ,0.582,584
2023-04,Cardexa,NJ,0.92,491
2023-05,Cardexa,NJ,1.304,496
2023-06,Cardexa,NJ,0.703,492
2023-07,Cardexa,NJ,0.749,476
2023-08,Cardexa,NJ,1.487,485
2023-09,Cardexa,NJ,0.778,549
2023-10,Cardexa,NJ,0.708,608
2023-11,Cardexa,NJ,2.895,565
2023-12,Cardexa,NJ,0.529,683
2024-01,Cardexa,NJ,0.806,636
2024-02,Cardexa,NJ,1.445,578
2024-03,Cardexa,NJ,0.477,638
2024-04,Cardexa,NJ,0.711,591
2024-05,Cardexa,NJ,1.51,490
2024-06,Cardexa,NJ,0.874,589
2024-07,Cardexa,NJ,0.772,556
2024-08,Cardexa,NJ,1.203,533
2024-09,Cardexa,NJ,0.355,605
2024-10,Cardexa,NJ,1.092,600
2024-11,Cardexa,NJ,1.696,591
2024-12,Cardexa,NJ,0.778,705
2025-01,Cardexa,NJ,0.379,665
2025-02,Cardexa,NJ,1.542,571
2025-03,Cardexa,NJ,0.701,650
2025-04,Cardexa,NJ,0.896,608
2025-05,Cardexa,NJ,1.4,547
2025-06,Cardexa,NJ,0.66,572
2025-07,Cardexa,NJ,0.856,606
2025-08,Cardexa,NJ,2.836,546
2025-09,Cardexa,NJ,0.469,713
2025-10,Cardexa,NJ,0.762,641
2025-11,Cardexa,NJ,1.473,625
2025-12,Cardexa,NJ,0.635,716
2022-01,Cardexa,NY,0.835,0
2022-02,Cardexa,NY,2.168,114
2022-03,Cardexa,NY,0.123,300
2022-04,Cardexa,NY,0.901,405
2022-05,Cardexa,NY,1.227,450
2022-06,Cardexa,NY,0.26,587
2022-07,Cardexa,NY,0.743,642
2022-08,Cardexa,NY,1.158,618
2022-09,Cardexa,NY,1.128,746
2022-10,Cardexa,NY,1.004,840
2022-11,Cardexa,NY,1.449,879
2022-12,Cardexa,NY,0.226,983
2023-01,Cardexa,NY,0.82,937
2023-02,Cardexa,NY,1.199,962
2023-03,Cardexa,NY,0.327,1060
2023-04,Cardexa,NY,0.821,940
2023-05,Cardexa,NY,1.6,943
2023-06,Cardexa,NY,0.02,1108
2023-07,Cardexa,NY,0.803,1004
2023-08,Cardexa,NY,1.178,955
2023-09,Cardexa,NY,0.34,1114
2023-10,Cardexa,NY,0.963,1048
2023-11,Cardexa,NY,1.255,1150
2023-12,Cardexa,NY,0.28,1242
2024-01,Cardexa,NY,1.126,1080
2024-02,Cardexa,NY,1.193,1149
2024-03,Cardexa,NY,1.315,1244
2024-04,Cardexa,NY,1.716,1328
2024-05,Cardexa,NY,1.289,1263
2024-06,Cardexa,NY,0.357,1222
2024-07,Cardexa,NY,0.99,1144
2024-08,Cardexa,NY,1.169,1200
2024-09,Cardexa,NY,0.442,1212
2024-10,Cardexa,NY,1.149,1159
2024-11,Cardexa,NY,0.875,1172
2024-12,Cardexa,NY,0.204,1269
2025-01,Cardexa,NY,0.916,1143
2025-02,Cardexa,NY,2.179,1192
2025-03,Cardexa,NY,0.133,1458
2025-04,Cardexa,NY,1.004,1137
2025-05,Cardexa,NY,1.252,1137
2025-06,Cardexa,NY,0.314,1188
2025-07,Cardexa,NY,0.853,1058
2025-08,Cardexa,NY,1.466,1092
2025-09,Cardexa,NY,0.349,1290
2025-10,Cardexa,NY,0.85,1183
2025-11,Cardexa,NY,1.222,1186
2025-12,Cardexa,NY,0.292,1266
2022-01,Cardexa,OH,0.991,2
2022-02,Cardexa,OH,1.63,96
2022-03,Cardexa,OH,1.857,201
2022-04,Cardexa,OH,0.706,272
2022-05,Cardexa,OH,1.448,297
2022-06,Cardexa,OH,0.645,366
2022-07,Cardexa,OH,0.611,365
2022-08,Cardexa,OH,1.507,418
2022-09,Cardexa,OH,0.491,497
2022-10,Cardexa,OH,0.888,497
2022-11,Cardexa,OH,1.468,568
2022-12,Cardexa,OH,0.592,620
2023-01,Cardexa,OH,1.253,616
2023-02,Cardexa,OH,1.618,660
2023-03,Cardexa,OH,0.527,738
2023-04,Cardexa,OH,2.198,696
2023-05,Cardexa,OH,1.659,744
2023-06,Cardexa,OH,0.298,762
2023-07,Cardexa,OH,1.259,643
2023-08,Cardexa,OH,1.59,643
2023-09,Cardexa,OH,0.389,752
2023-10,Cardexa,OH,0.494,737
2023-11,Cardexa,OH,1.729,665
2023-12,Cardexa,OH,0.693,813
2024-01,Cardexa,OH,1.272,800
2024-02,Cardexa,OH,1.395,765
2024-03,Cardexa,OH,0.794,854
2024-04,Cardexa,OH,1.07,758
2024-05,Cardexa,OH,1.421,771
2024-06,Cardexa,OH,0.815,751
2024-07,Cardexa,OH,0.847,751
2024-08,Cardexa,OH,1.424,717
2024-09,Cardexa,OH,0.667,796
2024-10,Cardexa,OH,0.698,765
2024-11,Cardexa,OH,2.802,713
2024-12,Cardexa,OH,0.576,936
2025-01,Cardexa,OH,1.002,854
2025-02,Cardexa,OH,2.833,749
2025-03,Cardexa,OH,1.839,980
2025-04,Cardexa,OH,0.595,941
2025-05,Cardexa,OH,2.759,758
2025-06,Cardexa,OH,0.556,918
2025-07,Cardexa,OH,0.944,778
2025-08,Cardexa,OH,2.732,744
2025-09,Cardexa,OH,0.856,882
2025-10,Cardexa,OH,0.861,798
2025-11,Cardexa,OH,1.656,792
2025-12,Cardexa,OH,0.695,898
2022-01,Cardexa,PA,0.598,1
2022-02,Cardexa,PA,1.027,96
2022-03,Cardexa,PA,1.457,199
2022-04,Cardexa,PA,0.412,319
2022-05,Cardexa,PA,1.014,309
2022-06,Cardexa,PA,1.448,403
2022-07,Cardexa,PA,0.439,463
2022-08,Cardexa,PA,0.839,503
2022-09,Cardexa,PA,1.358,492
2022-10,Cardexa,PA,0.351,578
2022-11,Cardexa,PA,1.179,590
2022-12,Cardexa,PA,1.583,622
2023-01,Cardexa,PA,0.341,825
2023-02,Cardexa,PA,0.919,678
2023-03,Cardexa,PA,1.409,706
2023-04,Cardexa,PA,0.352,839
2023-05,Cardexa,PA,0.986,702
2023-06,Cardexa,PA,1.203,703
2023-07,Cardexa,PA,0.346,786
2023-08,Cardexa,PA,1.073,747
2023-09,Cardexa,PA,1.17,779
2023-10,Cardexa,PA,0.254,852
2023-11,Cardexa,PA,0.934,780
2023-12,Cardexa,PA,1.587,794
2024-01,Cardexa,PA,0.245,970
2024-02,Cardexa,PA,0.733,863
2024-03,Cardexa,PA,2.733,787
2024-04,Cardexa,PA,0.292,1112
2024-05,Cardexa,PA,1.118,889
2024-06,Cardexa,PA,1.324,856
2024-07,Cardexa,PA,0.425,906
2024-08,Cardexa,PA,0.914,806
2024-09,Cardexa,PA,1.646,797
2024-10,Cardexa,PA,0.329,940
2024-11,Cardexa,PA,0.678,864
2024-12,Cardexa,PA,1.233,863
2025-01,Cardexa,PA,0.466,930
2025-02,Cardexa,PA,0.932,861
2025-03,Cardexa,PA,1.499,909
2025-04,Cardexa,PA,0.248,875
2025-05,Cardexa,PA,1.069,842
2025-06,Cardexa,PA,1.532,775
2025-07,Cardexa,PA,0.392,944
2025-08,Cardexa,PA,2.279,816
2025-09,Cardexa,PA,1.406,963
2025-10,Cardexa,PA,0.171,973
2025-11,Cardexa,PA,0.898,841
2025-12,Cardexa,PA,1.376,852
2022-01,Cardexa,TX,0.067,0
2022-02,Cardexa,TX,0.5,178
2022-03,Cardexa,TX,1.15,350
2022-04,Cardexa,TX,0.105,501
2022-05,Cardexa,TX,0.425,596
2022-06,Cardexa,TX,1.383,651
2022-07,Cardexa,TX,1.694,863
2022-08,Cardexa,TX,0.384,1009
2022-09,Cardexa,TX,1.382,1054
2022-10,Cardexa,TX,0.054,1185
2022-11,Cardexa,TX,1.743,1069
2022-12,Cardexa,TX,1.143,1279
2023-01,Cardexa,TX,0.206,1427
2023-02,Cardexa,TX,0.457,1277
2023-03,Cardexa,TX,1.12,1251
2023-04,Cardexa,TX,0.02,1413
2023-05,Cardexa,TX,0.573,1217
2023-06,Cardexa,TX,1.27,1254
2023-07,Cardexa,TX,0.376,1430
2023-08,Cardexa,TX,0.606,1349
2023-09,Cardexa,TX,1.079,1357
2023-10,Cardexa,TX,1.304,1556
2023-11,Cardexa,TX,0.372,1686
2023-12,Cardexa,TX,1.221,1591
2024-01,Cardexa,TX,0.02,1641
2024-02,Cardexa,TX,0.487,1505
2024-03,Cardexa,TX,1.27,1487
2024-04,Cardexa,TX,0.069,1692
2024-05,Cardexa,TX,0.567,1434
2024-06,Cardexa,TX,1.503,1378
2024-07,Cardexa,TX,0.235,1563
2024-08,Cardexa,TX,0.538,1462
2024-09,Cardexa,TX,1.214,1398
2024-10,Cardexa,TX,0.02,1591
2024-11,Cardexa,TX,0.624,1490
2024-12,Cardexa,TX,1.202,1498
2025-01,Cardexa,TX,0.27,1761
2025-02,Cardexa,TX,0.5,1569
2025-03,Cardexa,TX,1.197,1521
2025-04,Cardexa,TX,0.153,1595
2025-05,Cardexa,TX,0.512,1470
2025-06,Cardexa,TX,1.27,1362
2025-07,Cardexa,TX,0.311,1521
2025-08,Cardexa,TX,0.344,1465
2025-09,Cardexa,TX,1.099,1514
2025-10,Cardexa,TX,0.091,1607
2025-11,Cardexa,TX,0.327,1482
2025-12,Cardexa,TX,1.19,1542
2022-01,Cardexa,VA,1.93,0
2022-02,Cardexa,VA,0.788,82
2022-03,Cardexa,VA,0.62,141
2022-04,Cardexa,VA,1.754,157
2022-05,Cardexa,VA,0.512,196
2022-06,Cardexa,VA,0.642,243
2022-07,Cardexa,VA,1.681,288
2022-08,Cardexa,VA,0.653,331
2022-09,Cardexa,VA,0.948,336
2022-10,Cardexa,VA,1.813,342
2022-11,Cardexa,VA,0.454,482
2022-12,Cardexa,VA,0.749,439
2023-01,Cardexa,VA,2.635,447
2023-02,Cardexa,VA,0.529,540
2023-03,Cardexa,VA,0.524,513
2023-04,Cardexa,VA,1.505,446
2023-05,Cardexa,VA,0.651,508
2023-06,Cardexa,VA,0.899,442
2023-07,Cardexa,VA,1.688,467
2023-08,Cardexa,VA,1.945,502
2023-09,Cardexa,VA,1.926,561
2023-10,Cardexa,VA,1.443,585
2023-11,Cardexa,VA,0.625,633
2023-12,Cardexa,VA,0.836,496
2024-01,Cardexa,VA,1.692,532
2024-02,Cardexa,VA,0.764,649
2024-03,Cardexa,VA,0.479,578
2024-04,Cardexa,VA,1.666,490
2024-05,Cardexa,VA,0.412,548
2024-06,Cardexa,VA,0.523,486
2024-07,Cardexa,VA,1.691,455
2024-08,Cardexa,VA,0.642,560
2024-09,Cardexa,VA,0.875,525
2024-10,Cardexa,VA,1.348,519
2024-11,Cardexa,VA,0.787,541
2024-12,Cardexa,VA,0.915,530
2025-01,Cardexa,VA,3.051,575
2025-02,Cardexa,VA,0.725,726
2025-03,Cardexa,VA,0.962,640
2025-04,Cardexa,VA,1.14,577
2025-05,Cardexa,VA,0.561,573
2025-06,Cardexa,VA,0.629,511
2025-07,Cardexa,VA,2.895,484
2025-08,Cardexa,VA,0.554,653
2025-09,Cardexa,VA,0.762,629
2025-10,Cardexa,VA,1.706,522
2025-11,Cardexa,VA,0.981,593
2025-12,Cardexa,VA,0.757,600
2022-01,Cardexa,WA,1.17,0
2022-02,Cardexa,WA,0.16,75
2022-03,Cardexa,WA,0.936,130
2022-04,Cardexa,WA,1.481,167
2022-05,Cardexa,WA,0.095,221
2022-06,Cardexa,WA,1.026,223
2022-07,Cardexa,WA,1.294,253
2022-08,Cardexa,WA,0.323,308
2022-09,Cardexa,WA,2.195,297
2022-10,Cardexa,WA,1.039,418
2022-11,Cardexa,WA,0.13,437
2022-12,Cardexa,WA,0.792,358
2023-01,Cardexa,WA,1.174,411
2023-02,Cardexa,WA,0.145,484
2023-03,Cardexa,WA,0.471,430
2023-04,Cardexa,WA,1.008,385
2023-05,Cardexa,WA,0.092,473
2023-06,Cardexa,WA,0.578,423
2023-07,Cardexa,WA,1.191,434
2023-08,Cardexa,WA,0.556,475
2023-09,Cardexa,WA,0.636,477
2023-10,Cardexa,WA,1.065,495
2023-11,Cardexa,WA,0.148,533
2023-12,Cardexa,WA,0.509,506
2024-01,Cardexa,WA,1.044,514
2024-02,Cardexa,WA,0.24,563
2024-03,Cardexa,WA,0.8,517
2024-04,Cardexa,WA,1.357,496
2024-05,Cardexa,WA,0.239,577
2024-06,Cardexa,WA,0.689,457
2024-07,Cardexa,WA,1.317,509
2024-08,Cardexa,WA,0.053,546
2024-09,Cardexa,WA,0.861,455
2024-10,Cardexa,WA,0.888,526
2024-11,Cardexa,WA,0.497,504
2024-12,Cardexa,WA,0.649,493
2025-01,Cardexa,WA,1.301,534
2025-02,Cardexa,WA,0.191,611
2025-03,Cardexa,WA,0.847,507
2025-04,Cardexa,WA,1.025,573
2025-05,Cardexa,WA,0.226,556
2025-06,Cardexa,WA,0.813,458
2025-07,Cardexa,WA,1.306,493
2025-08,Cardexa,WA,0.02,520
2025-09,Cardexa,WA,0.944,509
2025-10,Cardexa,WA,1.22,522
2025-11,Cardexa,WA,0.403,588
2025-12,Cardexa,WA,0.785,540
2022-01,Glucora,AZ,0.762,1
2022-02,Glucora,AZ,0.903,78
2022-03,Glucora,AZ,2.999,140
2022-04,Glucora,AZ,0.738,294
2022-05,Glucora,AZ,0.699,330
2022-06,Glucora,AZ,1.436,314
2022-07,Glucora,AZ,0.822,379
2022-08,Glucora,AZ,0.781,388
2022-09,Glucora,AZ,1.715,446
2022-10,Glucora,AZ,0.951,472
2022-11,Glucora,AZ,0.857,566
2022-12,Glucora,AZ,1.902,518
2023-01,Glucora,AZ,0.819,660
2023-02,Glucora,AZ,1.005,591
2023-03,Glucora,AZ,1.598,576
2023-04,Glucora,AZ,0.787,689
2023-05,Glucora,AZ,1.12,599
2023-06,Glucora,AZ,1.772,610
2023-07,Glucora,AZ,0.606,747
2023-08,Glucora,AZ,0.824,604
2023-09,Glucora,AZ,1.774,621
2023-10,Glucora,AZ,1.06,681
2023-11,Glucora,AZ,0.862,810
2023-12,Glucora,AZ,1.856,735
2024-01,Glucora,AZ,0.851,768
2024-02,Glucora,AZ,0.89,754
2024-03,Glucora,AZ,1.599,700
2024-04,Glucora,AZ,0.544,784
2024-05,Glucora,AZ,0.717,680
2024-06,Glucora,AZ,1.667,604
2024-07,Glucora,AZ,0.652,759
2024-08,Glucora,AZ,0.848,703
2024-09,Glucora,AZ,1.867,671
2024-10,Glucora,AZ,0.886,773
2024-11,Glucora,AZ,0.764,806
2024-12,Glucora,AZ,1.498,686
2025-01,Glucora,AZ,0.525,817
2025-02,Glucora,AZ,2.012,702
2025-03,Glucora,AZ,2.735,833
2025-04,Glucora,AZ,0.743,898
2025-05,Glucora,AZ,0.823,771
2025-06,Glucora,AZ,1.602,651
2025-07,Glucora,AZ,0.412,734
2025-08,Glucora,AZ,0.942,685
2025-09,Glucora,AZ,1.907,700
2025-10,Glucora,AZ,0.747,773
2025-11,Glucora,AZ,0.627,775
2025-12,Glucora,AZ,1.553,664
2022-01,Glucora,CA,1.377,0
2022-02,Glucora,CA,0.508,356
2022-03,Glucora,CA,0.641,703
2022-04,Glucora,CA,2.669,877
2022-05,Glucora,CA,0.356,1479
2022-06,Glucora,CA,0.978,1373
2022-07,Glucora,CA,1.431,1409
2022-08,Glucora,CA,0.421,1808
2022-09,Glucora,CA,0.966,1841
2022-10,Glucora,CA,1.52,2049
2022-11,Glucora,CA,0.164,2340
2022-12,Glucora,CA,0.903,2241
2023-01,Glucora,CA,1.369,2278
2023-02,Glucora,CA,0.393,2600
2023-03,Glucora,CA,1.057,2353
2023-04,Glucora,CA,1.375,2560
2023-05,Glucora,CA,0.107,2743
2023-06,Glucora,CA,0.625,2323
2023-07,Glucora,CA,1.5,2497
2023-08,Glucora,CA,0.232,2762
2023-09,Glucora,CA,0.822,2632
2023-10,Glucora,CA,1.407,2645
2023-11,Glucora,CA,0.356,2999
2023-12,Glucora,CA,0.806,2956
2024-01,Glucora,CA,1.607,2826
2024-02,Glucora,CA,0.423,3144
2024-03,Glucora,CA,0.732,2909
2024-04,Glucora,CA,1.219,2727
2024-05,Glucora,CA,0.213,2997
2024-06,Glucora,CA,0.984,2664
2024-07,Glucora,CA,1.513,2785
2024-08,Glucora,CA,0.432,3208
2024-09,Glucora,CA,0.823,2859
2024-10,Glucora,CA,1.466,2912
2024-11,Glucora,CA,0.338,3222
2024-12,Glucora,CA,0.626,2948
2025-01,Glucora,CA,1.406,2931
2025-02,Glucora,CA,0.241,3198
2025-03,Glucora,CA,0.746,2931
2025-04,Glucora,CA,1.161,2824
2025-05,Glucora,CA,0.29,2940
2025-06,Glucora,CA,0.653,2654
2025-07,Glucora,CA,1.182,2576
2025-08,Glucora,CA,0.234,2995
2025-09,Glucora,CA,0.647,2809
2025-10,Glucora,CA,1.416,2774
2025-11,Glucora,CA,0.23,3115
2025-12,Glucora,CA,0.826,2806
2022-01,Glucora,FL,1.442,1
2022-02,Glucora,FL,0.02,227
2022-03,Glucora,FL,0.352,379
2022-04,Glucora,FL,1.191,512
2022-05,Glucora,FL,1.398,689
2022-06,Glucora,FL,0.182,903
2022-07,Glucora,FL,1.149,914
2022-08,Glucora,FL,0.107,1051
2022-09,Glucora,FL,0.215,1089
2022-10,Glucora,FL,1.052,1106
2022-11,Glucora,FL,0.02,1348
2022-12,Glucora,FL,0.351,1256
2023-01,Glucora,FL,2.358,1356
2023-02,Glucora,FL,0.091,1732
2023-03,Glucora,FL,0.455,1573
2023-04,Glucora,FL,1.431,1363
2023-05,Glucora,FL,0.201,1797
2023-06,Glucora,FL,0.56,1523
2023-07,Glucora,FL,0.926,1486
2023-08,Glucora,FL,0.269,1652
2023-09,Glucora,FL,0.6,1615
2023-10,Glucora,FL,0.941,1565
2023-11,Glucora,FL,1.643,1858
2023-12,Glucora,FL,0.21,2041
2024-01,Glucora,FL,1.365,1796
2024-02,Glucora,FL,0.127,1959
2024-03,Glucora,FL,0.455,1767
2024-04,Glucora,FL,1.491,1616
2024-05,Glucora,FL,0.371,1968
2024-06,Glucora,FL,0.494,1758
2024-07,Glucora,FL,1.054,1667
2024-08,Glucora,FL,0.041,1787
2024-09,Glucora,FL,0.323,1701
2024-10,Glucora,FL,1.156,1648
2024-11,Glucora,FL,0.195,1900
2024-12,Glucora,FL,0.872,1728
2025-01,Glucora,FL,1.214,1855
2025-02,Glucora,FL,1.239,2007
2025-03,Glucora,FL,0.274,2028
2025-04,Glucora,FL,1.354,1758
2025-05,Glucora,FL,0.213,1880
2025-06,Glucora,FL,0.262,1759
2025-07,Glucora,FL,1.221,1692
2025-08,Glucora,FL,0.358,1760
2025-09,Glucora,FL,0.502,1817
2025-10,Glucora,FL,1.01,1617
2025-11,Glucora,FL,0.123,1846
2025-12,Glucora,FL,0.182,1782
2022-01,Glucora,GA,0.96,0
2022-02,Glucora,GA,1.735,114
2022-03,Glucora,GA,0.652,241
2022-04,Glucora,GA,1.017,305
2022-05,Glucora,GA,1.235,411
2022-06,Glucora,GA,0.606,499
2022-07,Glucora,GA,0.879,543
2022-08,Glucora,GA,1.679,570
2022-09,Glucora,GA,0.738,729
2022-10,Glucora,GA,1.259,730
2022-11,Glucora,GA,1.561,784
2022-12,Glucora,GA,0.445,860
2023-01,Glucora,GA,1.029,795
2023-02,Glucora,GA,1.651,833
2023-03,Glucora,GA,0.554,983
2023-04,Glucora,GA,1.441,910
2023-05,Glucora,GA,1.826,948
2023-06,Glucora,GA,0.597,1030
2023-07,Glucora,GA,0.92,927
2023-08,Glucora,GA,1.604,925
2023-09,Glucora,GA,0.738,1005
2023-10,Glucora,GA,1.064,1013
2023-11,Glucora,GA,1.652,941
2023-12,Glucora,GA,0.495,1162
2024-01,Glucora,GA,1.181,1053
2024-02,Glucora,GA,1.827,1001
2024-03,Glucora,GA,0.671,1109
2024-04,Glucora,GA,0.766,954
2024-05,Glucora,GA,1.845,898
2024-06,Glucora,GA,0.483,1046
2024-07,Glucora,GA,0.956,1007
2024-08,Glucora,GA,2.006,929
2024-09,Glucora,GA,0.595,1121
2024-10,Glucora,GA,1.324,976
2024-11,Glucora,GA,1.593,1015
2024-12,Glucora,GA,0.838,1224
2025-01,Glucora,GA,0.886,1088
2025-02,Glucora,GA,1.561,1059
2025-03,Glucora,GA,0.445,1112
2025-04,Glucora,GA,1.076,968
2025-05,Glucora,GA,1.468,1043
2025-06,Glucora,GA,0.914,1130
2025-07,Glucora,GA,0.888,1041
2025-08,Glucora,GA,1.73,1007
2025-09,Glucora,GA,0.373,1137
2025-10,Glucora,GA,0.939,987
2025-11,Glucora,GA,1.459,983
2025-12,Glucora,GA,0.57,1074
2022-01,Glucora,IL,1.271,1
2022-02,Glucora,IL,1.305,131
2022-03,Glucora,IL,0.31,279
2022-04,Glucora,IL,1.307,343
2022-05,Glucora,IL,1.559,492
2022-06,Glucora,IL,0.316,572
2022-07,Glucora,IL,0.994,507
2022-08,Glucora,IL,1.767,601
2022-09,Glucora,IL,0.484,758
2022-10,Glucora,IL,1.376,768
2022-11,Glucora,IL,2.658,841
2022-12,Glucora,IL,0.346,1058
2023-01,Glucora,IL,1.245,943
2023-02,Glucora,IL,1.67,931
2023-03,Glucora,IL,0.157,1006
2023-04,Glucora,IL,1.25,849
2023-05,Glucora,IL,2.666,913
2023-06,Glucora,IL,1.17,1226
2023-07,Glucora,IL,1.291,1122
2023-08,Glucora,IL,2.446,1079
2023-09,Glucora,IL,0.472,1190
2023-10,Glucora,IL,2.418,1117
2023-11,Glucora,IL,1.21,1272
2023-12,Glucora,IL,0.274,1244
2024-01,Glucora,IL,1.205,1033
2024-02,Glucora,IL,1.44,1105
2024-03,Glucora,IL,0.63,1159
2024-04,Glucora,IL,1.187,1080
2024-05,Glucora,IL,1.143,1061
2024-06,Glucora,IL,1.69,1151
2024-07,Glucora,IL,2.281,1148
2024-08,Glucora,IL,1.607,1252
2024-09,Glucora,IL,0.163,1281
2024-10,Glucora,IL,1.254,1063
2024-11,Glucora,IL,1.356,1036
2024-12,Glucora,IL,0.442,1231
2025-01,Glucora,IL,1.399,1138
2025-02,Glucora,IL,1.4,1146
2025-03,Glucora,IL,0.311,1265
2025-04,Glucora,IL,1.126,1068
2025-05,Glucora,IL,1.235,1059
2025-06,Glucora,IL,0.327,1116
2025-07,Glucora,IL,1.26,1031
2025-08,Glucora,IL,1.6,1143
2025-09,Glucora,IL,0.236,1163
2025-10,Glucora,IL,1.244,1090
2025-11,Glucora,IL,1.446,1148
2025-12,Glucora,IL,0.27,1229
2022-01,Glucora,MA,1.565,3
2022-02,Glucora,MA,1.833,82
2022-03,Glucora,MA,1.55,183
2022-04,Glucora,MA,1.642,266
2022-05,Glucora,MA,0.678,285
2022-06,Glucora,MA,1.144,316
2022-07,Glucora,MA,1.816,375
2022-08,Glucora,MA,1.657,474
2022-09,Glucora,MA,1.245,517
2022-10,Glucora,MA,1.974,530
2022-11,Glucora,MA,0.57,592
2022-12,Glucora,MA,2.347,555
2023-01,Glucora,MA,1.652,669
2023-02,Glucora,MA,0.557,651
2023-03,Glucora,MA,1.263,625
2023-04,Glucora,MA,1.746,630
2023-05,Glucora,MA,0.672,669
2023-06,Glucora,MA,1.166,599
2023-07,Glucora,MA,1.33,622
2023-08,Glucora,MA,1.066,646
2023-09,Glucora,MA,1.427,643
2023-10,Glucora,MA,1.677,686
2023-11,Glucora,MA,0.811,840
2023-12,Glucora,MA,1.002,756
2024-01,Glucora,MA,1.726,698
2024-02,Glucora,MA,0.585,778
2024-03,Glucora,MA,1.255,743
2024-04,Glucora,MA,1.634,694
2024-05,Glucora,MA,0.8,783
2024-06,Glucora,MA,1.218,697
2024-07,Glucora,MA,1.524,634
2024-08,Glucora,MA,0.502,800
2024-09,Glucora,MA,1.188,738
2024-10,Glucora,MA,1.449,695
2024-11,Glucora,MA,0.493,785
2024-12,Glucora,MA,1.168,748
2025-01,Glucora,MA,1.679,710
2025-02,Glucora,MA,0.441,825
2025-03,Glucora,MA,1.404,740
2025-04,Glucora,MA,1.486,766
2025-05,Glucora,MA,0.397,796
2025-06,Glucora,MA,0.94,692
2025-07,Glucora,MA,1.711,673
2025-08,Glucora,MA,0.638,760
2025-09,Glucora,MA,2.492,682
2025-10,Glucora,MA,1.509,869
2025-11,Glucora,MA,0.525,821
2025-12,Glucora,MA,1.246,732
2022-01,Glucora,MI,1.466,1
2022-02,Glucora,MI,0.918,114
2022-03,Glucora,MI,0.46,215
2022-04,Glucora,MI,1.528,290
2022-05,Glucora,MI,1.241,420
2022-06,Glucora,MI,0.531,466
2022-07,Glucora,MI,1.387,483
2022-08,Glucora,MI,0.82,547
2022-09,Glucora,MI,0.591,616
2022-10,Glucora,MI,1.509,596
2022-11,Glucora,MI,0.927,721
2022-12,Glucora,MI,0.521,749
2023-01,Glucora,MI,1.445,757
2023-02,Glucora,MI,0.842,806
2023-03,Glucora,MI,0.358,824
2023-04,Glucora,MI,1.592,689
2023-05,Glucora,MI,0.959,861
2023-06,Glucora,MI,0.541,870
2023-07,Glucora,MI,1.666,814
2023-08,Glucora,MI,0.931,925
2023-09,Glucora,MI,0.431,879
2023-10,Glucora,MI,1.458,828
2023-11,Glucora,MI,2.03,933
2023-12,Glucora,MI,0.713,1132
2024-01,Glucora,MI,1.586,938
2024-02,Glucora,MI,0.799,975
2024-03,Glucora,MI,0.541,954
2024-04,Glucora,MI,1.439,927
2024-05,Glucora,MI,0.794,922
2024-06,Glucora,MI,0.412,896
2024-07,Glucora,MI,1.382,830
2024-08,Glucora,MI,0.611,911
2024-09,Glucora,MI,1.584,921
2024-10,Glucora,MI,1.685,994
2024-11,Glucora,MI,0.837,1076
2024-12,Glucora,MI,0.611,968
2025-01,Glucora,MI,1.516,991
2025-02,Glucora,MI,0.88,1006
2025-03,Glucora,MI,0.498,1013
2025-04,Glucora,MI,1.671,933
2025-05,Glucora,MI,0.919,1029
2025-06,Glucora,MI,0.617,1011
2025-07,Glucora,MI,1.601,860
2025-08,Glucora,MI,0.919,967
2025-09,Glucora,MI,0.368,974
2025-10,Glucora,MI,1.528,864
2025-11,Glucora,MI,0.852,1013
2025-12,Glucora,MI,0.497,973
2022-01,Glucora,NC,0.551,2
2022-02,Glucora,NC,1.42,114
2022-03,Glucora,NC,0.429,200
2022-04,Glucora,NC,0.25,285
2022-05,Glucora,NC,1.284,317
2022-06,Glucora,NC,0.33,440
2022-07,Glucora,NC,0.28,417
2022-08,Glucora,NC,1.082,489
2022-09,Glucora,NC,0.228,566
2022-10,Glucora,NC,0.696,626
2022-11,Glucora,NC,1.168,635
2022-12,Glucora,NC,0.395,703
2023-01,Glucora,NC,0.138,740
2023-02,Glucora,NC,2.477,700
2023-03,Glucora,NC,0.561,913
2023-04,Glucora,NC,0.536,787
2023-05,Glucora,NC,1.095,737
2023-06,Glucora,NC,0.165,817
2023-07,Glucora,NC,0.55,756
2023-08,Glucora,NC,2.605,743
2023-09,Glucora,NC,0.291,992
2023-10,Glucora,NC,0.734,906
2023-11,Glucora,NC,2.503,920
2023-12,Glucora,NC,0.323,1120
2024-01,Glucora,NC,1.598,965
2024-02,Glucora,NC,1.248,993
2024-03,Glucora,NC,0.085,989
2024-04,Glucora,NC,0.443,840
2024-05,Glucora,NC,1.475,817
2024-06,Glucora,NC,0.164,920
2024-07,Glucora,NC,0.589,783
2024-08,Glucora,NC,1.189,822
2024-09,Glucora,NC,0.382,914
2024-10,Glucora,NC,0.368,918
2024-11,Glucora,NC,1.3,845
2024-12,Glucora,NC,0.41,971
2025-01,Glucora,NC,0.612,886
2025-02,Glucora,NC,1.308,897
2025-03,Glucora,NC,0.316,999
2025-04,Glucora,NC,0.518,881
2025-05,Glucora,NC,1.244,850
2025-06,Glucora,NC,0.333,935
2025-07,Glucora,NC,0.331,864
2025-08,Glucora,NC,1.497,834
2025-09,Glucora,NC,1.339,977
2025-10,Glucora,NC,1.69,1031
2025-11,Glucora,NC,0.88,1059
2025-12,Glucora,NC,0.221,1052
2022-01,Glucora,NJ,0.861,2
2022-02,Glucora,NJ,0.02,123
2022-03,Glucora,NJ,0.95,170
2022-04,Glucora,NJ,0.905,234
2022-05,Glucora,NJ,0.02,313
2022-06,Glucora,NJ,0.964,326
2022-07,Glucora,NJ,1.037,445
2022-08,Glucora,NJ,0.083,518
2022-09,Glucora,NJ,0.67,541
2022-10,Glucora,NJ,0.874,546
2022-11,Glucora,NJ,0.186,581
2022-12,Glucora,NJ,1.328,673
2023-01,Glucora,NJ,0.913,718
2023-02,Glucora,NJ,0.279,712
2023-03,Glucora,NJ,0.701,662
2023-04,Glucora,NJ,0.887,694
2023-05,Glucora,NJ,0.207,710
2023-06,Glucora,NJ,2.048,678
2023-07,Glucora,NJ,0.994,823
2023-08,Glucora,NJ,0.02,834
2023-09,Glucora,NJ,0.751,671
2023-10,Glucora,NJ,1.287,739
2023-11,Glucora,NJ,0.212,914
2023-12,Glucora,NJ,0.91,778
2024-01,Glucora,NJ,0.81,814
2024-02,Glucora,NJ,0.02,853
2024-03,Glucora,NJ,0.687,750
2024-04,Glucora,NJ,1.137,747
2024-05,Glucora,NJ,0.02,849
2024-06,Glucora,NJ,1.097,763
2024-07,Glucora,NJ,1.063,783
2024-08,Glucora,NJ,0.02,871
2024-09,Glucora,NJ,0.617,725
2024-10,Glucora,NJ,1.01,766
2024-11,Glucora,NJ,0.123,866
2024-12,Glucora,NJ,0.922,816
2025-01,Glucora,NJ,1.091,836
2025-02,Glucora,NJ,0.107,897
2025-03,Glucora,NJ,1.043,856
2025-04,Glucora,NJ,2.432,838
2025-05,Glucora,NJ,0.02,1062
2025-06,Glucora,NJ,0.992,804
2025-07,Glucora,NJ,1.195,872
2025-08,Glucora,NJ,1.307,841
2025-09,Glucora,NJ,0.86,889
2025-10,Glucora,NJ,1.16,836
2025-11,Glucora,NJ,0.022,833
2025-12,Glucora,NJ,0.839,791
2022-01,Glucora,NY,0.986,0
2022-02,Glucora,NY,0.109,186
2022-03,Glucora,NY,1.337,370
2022-04,Glucora,NY,1.047,534
2022-05,Glucora,NY,0.14,720
2022-06,Glucora,NY,1.388,662
2022-07,Glucora,NY,1.287,901
2022-08,Glucora,NY,0.261,1026
2022-09,Glucora,NY,1.532,1042
2022-10,Glucora,NY,1.007,1167
2022-11,Glucora,NY,1.717,1337
2022-12,Glucora,NY,0.995,1464
2023-01,Glucora,NY,1.247,1419
2023-02,Glucora,NY,0.431,1580
2023-03,Glucora,NY,1.463,1394
2023-04,Glucora,NY,1.213,1498
2023-05,Glucora,NY,0.461,1567
2023-06,Glucora,NY,1.305,1459
2023-07,Glucora,NY,2.137,1646
2023-08,Glucora,NY,0.536,1802
2023-09,Glucora,NY,1.254,1582
2023-10,Glucora,NY,1.4,1628
2023-11,Glucora,NY,0.242,1794
2023-12,Glucora,NY,1.375,1617
2024-01,Glucora,NY,1.008,1714
2024-02,Glucora,NY,0.458,1783
2024-03,Glucora,NY,1.119,1582
2024-04,Glucora,NY,1.15,1625
2024-05,Glucora,NY,0.315,1767
2024-06,Glucora,NY,1.377,1503
2024-07,Glucora,NY,0.732,1684
2024-08,Glucora,NY,0.148,1749
2024-09,Glucora,NY,1.406,1464
2024-10,Glucora,NY,1.15,1728
2024-11,Glucora,NY,0.725,1787
2024-12,Glucora,NY,1.317,1733
2025-01,Glucora,NY,0.95,1884
2025-02,Glucora,NY,0.429,1806
2025-03,Glucora,NY,1.523,1605
2025-04,Glucora,NY,1.342,1811
2025-05,Glucora,NY,0.02,1819
2025-06,Glucora,NY,2.551,1548
2025-07,Glucora,NY,1.133,2005
2025-08,Glucora,NY,0.474,1925
2025-09,Glucora,NY,1.073,1656
2025-10,Glucora,NY,1.367,1716
2025-11,Glucora,NY,0.261,1857
2025-12,Glucora,NY,1.161,1739
2022-01,Glucora,OH,0.693,0
2022-02,Glucora,OH,0.3,125
2022-03,Glucora,OH,1.444,199
2022-04,Glucora,OH,0.277,354
2022-05,Glucora,OH,1.641,407
2022-06,Glucora,OH,1.589,520
2022-07,Glucora,OH,1.75,607
2022-08,Glucora,OH,1.414,760
2022-09,Glucora,OH,2.422,751
2022-10,Glucora,OH,0.251,997
2022-11,Glucora,OH,1.481,778
2022-12,Glucora,OH,1.098,908
2023-01,Glucora,OH,0.639,953
2023-02,Glucora,OH,0.269,851
2023-03,Glucora,OH,1.312,849
2023-04,Glucora,OH,1.893,917
2023-05,Glucora,OH,0.431,1156
2023-06,Glucora,OH,2.402,971
2023-07,Glucora,OH,0.54,1124
2023-08,Glucora,OH,0.394,1046
2023-09,Glucora,OH,2.734,905
2023-10,Glucora,OH,0.628,1204
2023-11,Glucora,OH,0.291,1181
2023-12,Glucora,OH,1.411,996
2024-01,Glucora,OH,0.65,1059
2024-02,Glucora,OH,0.753,1026
2024-03,Glucora,OH,1.327,1032
2024-04,Glucora,OH,0.311,1178
2024-05,Glucora,OH,0.043,1005
2024-06,Glucora,OH,1.029,920
2024-07,Glucora,OH,0.565,1021
2024-08,Glucora,OH,0.539,1009
2024-09,Glucora,OH,1.321,1027
2024-10,Glucora,OH,0.479,1139
2024-11,Glucora,OH,0.546,1081
2024-12,Glucora,OH,1.272,1060
2025-01,Glucora,OH,0.604,1161
2025-02,Glucora,OH,1.596,1176
2025-03,Glucora,OH,1.527,1156
2025-04,Glucora,OH,0.307,1264
2025-05,Glucora,OH,0.456,1027
2025-06,Glucora,OH,1.445,1017
2025-07,Glucora,OH,0.611,1129
2025-08,Glucora,OH,0.395,1072
2025-09,Glucora,OH,1.101,1002
2025-10,Glucora,OH,0.368,1107
2025-11,Glucora,OH,0.395,1067
2025-12,Glucora,OH,1.349,1001
2022-01,Glucora,PA,2.635,1
2022-02,Glucora,PA,0.931,163
2022-03,Glucora,PA,0.549,333
2022-04,Glucora,PA,1.457,387
2022-05,Glucora,PA,1.087,483
2022-06,Glucora,PA,0.446,619
2022-07,Glucora,PA,1.471,552
2022-08,Glucora,PA,1.244,770
2022-09,Glucora,PA,0.458,855
2022-10,Glucora,PA,1.428,819
2022-11,Glucora,PA,1.319,945
2022-12,Glucora,PA,0.489,1056
2023-01,Glucora,PA,1.554,1012
2023-02,Glucora,PA,1.042,1062
2023-03,Glucora,PA,0.38,1093
2023-04,Glucora,PA,2.665,1004
2023-05,Glucora,PA,1.028,1339
2023-06,Glucora,PA,0.463,1189
2023-07,Glucora,PA,1.791,1069
2023-08,Glucora,PA,1.115,1212
2023-09,Glucora,PA,0.593,1260
2023-10,Glucora,PA,1.135,1173
2023-11,Glucora,PA,1.135,1213
2023-12,Glucora,PA,0.118,1301
2024-01,Glucora,PA,1.375,1096
2024-02,Glucora,PA,1.085,1313
2024-03,Glucora,PA,1.765,1306
2024-04,Glucora,PA,1.557,1462
2024-05,Glucora,PA,1.068,1420
2024-06,Glucora,PA,1.52,1252
2024-07,Glucora,PA,1.604,1302
2024-08,Glucora,PA,0.881,1395
2024-09,Glucora,PA,0.649,1300
2024-10,Glucora,PA,1.599,1247
2024-11,Glucora,PA,1.022,1387
2024-12,Glucora,PA,0.02,1358
2025-01,Glucora,PA,1.493,1164
2025-02,Glucora,PA,0.823,1328
2025-03,Glucora,PA,0.431,1355
2025-04,Glucora,PA,1.79,1247
2025-05,Glucora,PA,0.906,1373
2025-06,Glucora,PA,0.422,1376
2025-07,Glucora,PA,1.161,1164
2025-08,Glucora,PA,1.068,1216
2025-09,Glucora,PA,0.374,1328
2025-10,Glucora,PA,1.565,1203
2025-11,Glucora,PA,1.25,1344
2025-12,Glucora,PA,0.25,1439
2022-01,Glucora,TX,1.162,0
2022-02,Glucora,TX,0.279,274
2022-03,Glucora,TX,0.22,497
2022-04,Glucora,TX,1.106,591
2022-05,Glucora,TX,1.516,868
2022-06,Glucora,TX,0.159,1168
2022-07,Glucora,TX,2.293,1137
2022-08,Glucora,TX,1.459,1556
2022-09,Glucora,TX,0.075,1721
2022-10,Glucora,TX,1.173,1381
2022-11,Glucora,TX,0.25,1687
2022-12,Glucora,TX,0.34,1670
2023-01,Glucora,TX,1.167,1636
2023-02,Glucora,TX,0.403,1906
2023-03,Glucora,TX,0.184,1855
2023-04,Glucora,TX,1.387,1644
2023-05,Glucora,TX,0.493,2105
2023-06,Glucora,TX,1.046,1957
2023-07,Glucora,TX,1.311,2016
2023-08,Glucora,TX,0.06,2219
2023-09,Glucora,TX,0.02,2015
2023-10,Glucora,TX,0.997,1891
2023-11,Glucora,TX,0.329,2086
2023-12,Glucora,TX,0.061,2250
2024-01,Glucora,TX,1.197,2018
2024-02,Glucora,TX,0.529,2277
2024-03,Glucora,TX,0.07,2223
2024-04,Glucora,TX,2.55,1985
2024-05,Glucora,TX,0.351,2599
2024-06,Glucora,TX,0.205,2334
2024-07,Glucora,TX,1.249,1981
2024-08,Glucora,TX,0.403,2279
2024-09,Glucora,TX,0.107,2185
2024-10,Glucora,TX,0.795,1972
2024-11,Glucora,TX,0.525,2160
2024-12,Glucora,TX,0.02,2234
2025-01,Glucora,TX,1.256,2097
2025-02,Glucora,TX,0.424,2364
2025-03,Glucora,TX,0.094,2257
2025-04,Glucora,TX,1.26,2008
2025-05,Glucora,TX,1.453,2284
2025-06,Glucora,TX,0.02,2547
2025-07,Glucora,TX,1.179,2175
2025-08,Glucora,TX,0.286,2380
2025-09,Glucora,TX,0.02,2191
2025-10,Glucora,TX,0.946,2036
2025-11,Glucora,TX,0.095,2198
2025-12,Glucora,TX,1.54,2129
2022-01,Glucora,VA,0.647,0
2022-02,Glucora,VA,2.876,97
2022-03,Glucora,VA,0.966,205
2022-04,Glucora,VA,1.767,259
2022-05,Glucora,VA,1.509,326
2022-06,Glucora,VA,0.802,420
2022-07,Glucora,VA,0.803,432
2022-08,Glucora,VA,1.922,444
2022-09,Glucora,VA,1.356,546
2022-10,Glucora,VA,0.6,620
2022-11,Glucora,VA,2.066,543
2022-12,Glucora,VA,0.917,706
2023-01,Glucora,VA,0.929,644
2023-02,Glucora,VA,1.644,656
2023-03,Glucora,VA,1.05,729
2023-04,Glucora,VA,0.539,741
2023-05,Glucora,VA,1.444,663
2023-06,Glucora,VA,1.112,674
2023-07,Glucora,VA,0.764,714
2023-08,Glucora,VA,3.067,736
2023-09,Glucora,VA,0.623,873
2023-10,Glucora,VA,0.838,833
2023-11,Glucora,VA,1.239,721
2023-12,Glucora,VA,1.164,836
2024-01,Glucora,VA,0.657,818
2024-02,Glucora,VA,1.722,730
2024-03,Glucora,VA,0.803,863
2024-04,Glucora,VA,0.631,821
2024-05,Glucora,VA,1.749,680
2024-06,Glucora,VA,1.038,806
2024-07,Glucora,VA,0.716,784
2024-08,Glucora,VA,1.554,753
2024-09,Glucora,VA,2.072,808
2024-10,Glucora,VA,0.734,958
2024-11,Glucora,VA,1.8,831
2024-12,Glucora,VA,1.078,823
2025-01,Glucora,VA,1.905,861
2025-02,Glucora,VA,1.676,963
2025-03,Glucora,VA,1.155,920
2025-04,Glucora,VA,0.914,816
2025-05,Glucora,VA,3.043,813
2025-06,Glucora,VA,0.992,986
2025-07,Glucora,VA,0.822,871
2025-08,Glucora,VA,1.785,702
2025-09,Glucora,VA,1.187,840
2025-10,Glucora,VA,0.811,835
2025-11,Glucora,VA,1.725,782
2025-12,Glucora,VA,0.931,876
2022-01,Glucora,WA,1.143,2
2022-02,Glucora,WA,1.091,102
2022-03,Glucora,WA,0.263,181
2022-04,Glucora,WA,0.952,257
2022-05,Glucora,WA,1.449,335
2022-06,Glucora,WA,0.235,356
2022-07,Glucora,WA,1.292,405
2022-08,Glucora,WA,2.406,450
2022-09,Glucora,WA,0.524,590
2022-10,Glucora,WA,1.027,587
2022-11,Glucora,WA,2.566,544
2022-12,Glucora,WA,0.205,773
2023-01,Glucora,WA,1.082,640
2023-02,Glucora,WA,2.035,625
2023-03,Glucora,WA,0.286,745
2023-04,Glucora,WA,0.698,677
2023-05,Glucora,WA,1.234,618
2023-06,Glucora,WA,0.34,639
2023-07,Glucora,WA,0.591,678
2023-08,Glucora,WA,1.212,622
2023-09,Glucora,WA,0.3,749
2023-10,Glucora,WA,1.059,662
2023-11,Glucora,WA,1.271,745
2023-12,Glucora,WA,0.042,824
2024-01,Glucora,WA,1.047,756
2024-02,Glucora,WA,1.242,748
2024-03,Glucora,WA,0.166,822
2024-04,Glucora,WA,1.013,675
2024-05,Glucora,WA,1.485,725
2024-06,Glucora,WA,0.193,837
2024-07,Glucora,WA,1.214,732
2024-08,Glucora,WA,1.67,752
2024-09,Glucora,WA,0.407,847
2024-10,Glucora,WA,1.039,708
2024-11,Glucora,WA,1.312,833
2024-12,Glucora,WA,0.632,811
2025-01,Glucora,WA,1.011,832
2025-02,Glucora,WA,1.205,809
2025-03,Glucora,WA,0.146,807
2025-04,Glucora,WA,0.922,736
2025-05,Glucora,WA,1.222,701
2025-06,Glucora,WA,0.348,778
2025-07,Glucora,WA,1.151,686
2025-08,Glucora,WA,1.073,769
2025-09,Glucora,WA,0.799,799
2025-10,Glucora,WA,2.342,751
2025-11,Glucora,WA,1.316,901
2025-12,Glucora,WA,0.379,917
2023-11,Immunara,AZ,0.314,0
2023-12,Immunara,AZ,1.616,17
2024-01,Immunara,AZ,1.069,31
2024-02,Immunara,AZ,0.497,54
2024-03,Immunara,AZ,1.295,53
2024-04,Immunara,AZ,1.039,77
2024-05,Immunara,AZ,0.513,101
2024-06,Immunara,AZ,1.247,92
2024-07,Immunara,AZ,0.952,87
2024-08,Immunara,AZ,1.655,90
2024-09,Immunara,AZ,1.464,108
2024-10,Immunara,AZ,0.819,129
2024-11,Immunara,AZ,0.496,141
2024-12,Immunara,AZ,1.424,131
2025-01,Immunara,AZ,1.0,163
2025-02,Immunara,AZ,0.363,137
2025-03,Immunara,AZ,1.442,135
2025-04,Immunara,AZ,1.103,139
2025-05,Immunara,AZ,0.566,141
2025-06,Immunara,AZ,2.731,131
2025-07,Immunara,AZ,1.127,191
2025-08,Immunara,AZ,0.243,144
2025-09,Immunara,AZ,1.419,145
2025-10,Immunara,AZ,1.251,163
2025-11,Immunara,AZ,0.648,173
2025-12,Immunara,AZ,1.746,168
2023-11,Immunara,CA,0.462,2
2023-12,Immunara,CA,1.57,94
2024-01,Immunara,CA,0.263,154
2024-02,Immunara,CA,0.598,196
2024-03,Immunara,CA,1.387,253
2024-04,Immunara,CA,0.203,372
2024-05,Immunara,CA,1.641,361
2024-06,Immunara,CA,1.35,421
2024-07,Immunara,CA,0.265,504
2024-08,Immunara,CA,0.458,377
2024-09,Immunara,CA,1.412,427
2024-10,Immunara,CA,0.572,478
2024-11,Immunara,CA,0.699,539
2024-12,Immunara,CA,1.499,587
2025-01,Immunara,CA,0.281,672
2025-02,Immunara,CA,0.561,606
2025-03,Immunara,CA,2.366,537
2025-04,Immunara,CA,0.424,731
2025-05,Immunara,CA,0.857,624
2025-06,Immunara,CA,1.61,567
2025-07,Immunara,CA,0.761,639
2025-08,Immunara,CA,0.551,645
2025-09,Immunara,CA,1.202,612
2025-10,Immunara,CA,0.493,732
2025-11,Immunara,CA,1.663,622
2025-12,Immunara,CA,1.437,763
2023-11,Immunara,FL,0.552,1
2023-12,Immunara,FL,1.142,38
2024-01,Immunara,FL,1.29,109
2024-02,Immunara,FL,0.452,147
2024-03,Immunara,FL,1.18,167
2024-04,Immunara,FL,0.02,206
2024-05,Immunara,FL,0.525,220
2024-06,Immunara,FL,2.404,197
2024-07,Immunara,FL,0.02,290
2024-08,Immunara,FL,1.767,263
2024-09,Immunara,FL,1.376,324
2024-10,Immunara,FL,0.247,368
2024-11,Immunara,FL,0.557,348
2024-12,Immunara,FL,1.044,334
2025-01,Immunara,FL,0.237,407
2025-02,Immunara,FL,0.475,327
2025-03,Immunara,FL,1.291,357
2025-04,Immunara,FL,0.149,380
2025-05,Immunara,FL,0.563,326
2025-06,Immunara,FL,1.482,332
2025-07,Immunara,FL,0.196,401
2025-08,Immunara,FL,0.4,379
2025-09,Immunara,FL,1.078,348
2025-10,Immunara,FL,0.031,422
2025-11,Immunara,FL,0.405,396
2025-12,Immunara,FL,1.164,393
2023-11,Immunara,GA,0.89,1
2023-12,Immunara,GA,1.048,26
2024-01,Immunara,GA,0.461,43
2024-02,Immunara,GA,0.79,79
2024-03,Immunara,GA,0.908,81
2024-04,Immunara,GA,0.257,112
2024-05,Immunara,GA,1.097,126
2024-06,Immunara,GA,1.264,118
2024-07,Immunara,GA,0.058,149
2024-08,Immunara,GA,0.75,128
2024-09,Immunara,GA,1.085,137
2024-10,Immunara,GA,0.253,171
2024-11,Immunara,GA,0.854,181
2024-12,Immunara,GA,0.752,178
2025-01,Immunara,GA,0.44,184
2025-02,Immunara,GA,0.862,177
2025-03,Immunara,GA,0.901,203
2025-04,Immunara,GA,0.13,232
2025-05,Immunara,GA,1.033,181
2025-06,Immunara,GA,1.131,177
2025-07,Immunara,GA,0.145,187
2025-08,Immunara,GA,0.753,222
2025-09,Immunara,GA,0.949,199
2025-10,Immunara,GA,0.308,246
2025-11,Immunara,GA,0.582,222
2025-12,Immunara,GA,1.16,204
2023-11,Immunara,IL,0.32,1
2023-12,Immunara,IL,1.379,16
2024-01,Immunara,IL,1.014,62
2024-02,Immunara,IL,0.295,86
2024-03,Immunara,IL,1.029,110
2024-04,Immunara,IL,0.983,125
2024-05,Immunara,IL,0.134,143
2024-06,Immunara,IL,1.099,113
2024-07,Immunara,IL,1.133,129
2024-08,Immunara,IL,0.055,159
2024-09,Immunara,IL,1.354,151
2024-10,Immunara,IL,1.118,199
2024-11,Immunara,IL,0.16,219
2024-12,Immunara,IL,1.412,194
2025-01,Immunara,IL,0.729,232
2025-02,Immunara,IL,0.061,249
2025-03,Immunara,IL,1.288,205
2025-04,Immunara,IL,2.282,247
2025-05,Immunara,IL,0.136,272
2025-06,Immunara,IL,1.304,222
2025-07,Immunara,IL,0.986,222
2025-08,Immunara,IL,0.381,232
2025-09,Immunara,IL,1.237,225
2025-10,Immunara,IL,1.133,251
2025-11,Immunara,IL,0.146,285
2025-12,Immunara,IL,1.083,290
2023-11,Immunara,MA,1.095,1
2023-12,Immunara,MA,0.89,20
2024-01,Immunara,MA,0.227,33
2024-02,Immunara,MA,0.948,36
2024-03,Immunara,MA,2.44,55
2024-04,Immunara,MA,0.429,77
2024-05,Immunara,MA,1.019,77
2024-06,Immunara,MA,1.392,101
2024-07,Immunara,MA,0.354,119
2024-08,Immunara,MA,0.937,92
2024-09,Immunara,MA,1.4,122
2024-10,Immunara,MA,0.16,159
2024-11,Immunara,MA,1.026,131
2024-12,Immunara,MA,2.508,137
2025-01,Immunara,MA,0.438,180
2025-02,Immunara,MA,0.763,150
2025-03,Immunara,MA,1.183,133
2025-04,Immunara,MA,0.179,126
2025-05,Immunara,MA,1.205,132
2025-06,Immunara,MA,1.086,146
2025-07,Immunara,MA,0.254,158
2025-08,Immunara,MA,0.996,130
2025-09,Immunara,MA,1.254,132
2025-10,Immunara,MA,0.372,166
2025-11,Immunara,MA,0.849,171
2025-12,Immunara,MA,1.517,146
2023-11,Immunara,MI,1.268,2
2023-12,Immunara,MI,0.192,23
2024-01,Immunara,MI,1.013,45
2024-02,Immunara,MI,2.487,57
2024-03,Immunara,MI,0.027,123
2024-04,Immunara,MI,1.127,110
2024-05,Immunara,MI,1.165,110
2024-06,Immunara,MI,0.226,134
2024-07,Immunara,MI,2.277,126
2024-08,Immunara,MI,1.11,179
2024-09,Immunara,MI,0.425,198
2024-10,Immunara,MI,2.608,156
2024-11,Immunara,MI,1.43,221
2024-12,Immunara,MI,0.188,220
2025-01,Immunara,MI,2.047,182
2025-02,Immunara,MI,1.391,212
2025-03,Immunara,MI,0.024,238
2025-04,Immunara,MI,1.379,148
2025-05,Immunara,MI,1.016,171
2025-06,Immunara,MI,0.151,225
2025-07,Immunara,MI,1.189,188
2025-08,Immunara,MI,1.152,198
2025-09,Immunara,MI,1.286,169
2025-10,Immunara,MI,0.938,209
2025-11,Immunara,MI,1.36,210
2025-12,Immunara,MI,1.494,220
2023-11,Immunara,NC,0.426,0
2023-12,Immunara,NC,0.503,21
2024-01,Immunara,NC,1.429,54
2024-02,Immunara,NC,0.397,83
2024-03,Immunara,NC,0.489,103
2024-04,Immunara,NC,1.397,83
2024-05,Immunara,NC,0.664,122
2024-06,Immunara,NC,0.897,165
2024-07,Immunara,NC,1.375,127
2024-08,Immunara,NC,0.641,146
2024-09,Immunara,NC,0.795,132
2024-10,Immunara,NC,1.51,142
2024-11,Immunara,NC,0.603,172
2024-12,Immunara,NC,0.684,184
2025-01,Immunara,NC,1.322,189
2025-02,Immunara,NC,0.542,195
2025-03,Immunara,NC,0.66,193
2025-04,Immunara,NC,1.552,194
2025-05,Immunara,NC,0.208,205
2025-06,Immunara,NC,0.922,174
2025-07,Immunara,NC,1.413,194
2025-08,Immunara,NC,0.312,224
2025-09,Immunara,NC,0.97,203
2025-10,Immunara,NC,1.501,206
2025-11,Immunara,NC,0.531,243
2025-12,Immunara,NC,0.642,235
2023-11,Immunara,NJ,1.249,1
2023-12,Immunara,NJ,0.559,26
2024-01,Immunara,NJ,0.26,41
2024-02,Immunara,NJ,1.147,54
2024-03,Immunara,NJ,1.616,78
2024-04,Immunara,NJ,0.548,110
2024-05,Immunara,NJ,1.551,96
2024-06,Immunara,NJ,1.925,118
2024-07,Immunara,NJ,0.575,132
2024-08,Immunara,NJ,1.482,125
2024-09,Immunara,NJ,0.435,163
2024-10,Immunara,NJ,0.565,149
2024-11,Immunara,NJ,2.629,158
2024-12,Immunara,NJ,0.545,212
2025-01,Immunara,NJ,0.764,200
2025-02,Immunara,NJ,1.353,165
2025-03,Immunara,NJ,0.357,188
2025-04,Immunara,NJ,0.772,163
2025-05,Immunara,NJ,1.559,163
2025-06,Immunara,NJ,0.337,186
2025-07,Immunara,NJ,0.774,174
2025-08,Immunara,NJ,1.601,172
2025-09,Immunara,NJ,0.634,216
2025-10,Immunara,NJ,0.47,202
2025-11,Immunara,NJ,1.63,186
2025-12,Immunara,NJ,0.403,222
2023-11,Immunara,NY,0.02,0
2023-12,Immunara,NY,0.862,32
2024-01,Immunara,NY,1.005,85
2024-02,Immunara,NY,0.049,161
2024-03,Immunara,NY,0.855,156
2024-04,Immunara,NY,1.128,177
2024-05,Immunara,NY,0.02,215
2024-06,Immunara,NY,0.68,192
2024-07,Immunara,NY,0.863,208
2024-08,Immunara,NY,0.02,245
2024-09,Immunara,NY,0.874,232
2024-10,Immunara,NY,0.998,265
2024-11,Immunara,NY,0.02,358
2024-12,Immunara,NY,0.912,327
2025-01,Immunara,NY,1.089,318
2025-02,Immunara,NY,0.226,383
2025-03,Immunara,NY,1.198,316
2025-04,Immunara,NY,1.037,344
2025-05,Immunara,NY,0.114,353
2025-06,Immunara,NY,0.966,324
2025-07,Immunara,NY,0.707,328
2025-08,Immunara,NY,0.02,347
2025-09,Immunara,NY,0.894,309
2025-10,Immunara,NY,1.284,375
2025-11,Immunara,NY,0.404,400
2025-12,Immunara,NY,0.765,387
2023-11,Immunara,OH,1.505,0
2023-12,Immunara,OH,0.433,47
2024-01,Immunara,OH,0.622,58
2024-02,Immunara,OH,1.659,82
2024-03,Immunara,OH,0.835,104
2024-04,Immunara,OH,0.602,118
2024-05,Immunara,OH,1.601,127
2024-06,Immunara,OH,0.508,147
2024-07,Immunara,OH,0.55,143
2024-08,Immunara,OH,1.534,148
2024-09,Immunara,OH,0.477,200
2024-10,Immunara,OH,0.47,191
2024-11,Immunara,OH,1.397,203
2024-12,Immunara,OH,0.582,208
2025-01,Immunara,OH,1.629,229
2025-02,Immunara,OH,2.748,230
2025-03,Immunara,OH,0.486,282
2025-04,Immunara,OH,1.627,252
2025-05,Immunara,OH,1.444,244
2025-06,Immunara,OH,1.66,227
2025-07,Immunara,OH,0.668,255
2025-08,Immunara,OH,1.357,242
2025-09,Immunara,OH,0.636,249
2025-10,Immunara,OH,0.465,245
2025-11,Immunara,OH,1.502,246
2025-12,Immunara,OH,0.533,307
2023-11,Immunara,PA,1.151,2
2023-12,Immunara,PA,0.886,30
2024-01,Immunara,PA,1.934,66
2024-02,Immunara,PA,0.912,112
2024-03,Immunara,PA,0.877,126
2024-04,Immunara,PA,1.614,147
2024-05,Immunara,PA,0.991,172
2024-06,Immunara,PA,0.721,167
2024-07,Immunara,PA,1.845,165
2024-08,Immunara,PA,0.972,198
2024-09,Immunara,PA,0.798,219
2024-10,Immunara,PA,1.775,205
2024-11,Immunara,PA,2.226,236
2024-12,Immunara,PA,2.013,300
2025-01,Immunara,PA,1.454,326
2025-02,Immunara,PA,0.694,272
2025-03,Immunara,PA,0.554,253
2025-04,Immunara,PA,1.707,244
2025-05,Immunara,PA,1.203,293
2025-06,Immunara,PA,0.673,265
2025-07,Immunara,PA,1.621,245
2025-08,Immunara,PA,0.913,290
2025-09,Immunara,PA,0.464,286
2025-10,Immunara,PA,1.791,249
2025-11,Immunara,PA,0.808,317
2025-12,Immunara,PA,0.815,322
2023-11,Immunara,TX,2.469,2
2023-12,Immunara,TX,0.675,61
2024-01,Immunara,TX,0.317,117
2024-02,Immunara,TX,1.108,159
2024-03,Immunara,TX,0.433,244
2024-04,Immunara,TX,0.428,220
2024-05,Immunara,TX,1.173,257
2024-06,Immunara,TX,0.446,281
2024-07,Immunara,TX,0.362,308
2024-08,Immunara,TX,1.12,275
2024-09,Immunara,TX,0.343,393
2024-10,Immunara,TX,1.467,447
2024-11,Immunara,TX,1.078,418
2024-12,Immunara,TX,0.535,520
2025-01,Immunara,TX,0.665,430
2025-02,Immunara,TX,1.407,462
2025-03,Immunara,TX,0.598,535
2025-04,Immunara,TX,0.365,501
2025-05,Immunara,TX,1.335,427
2025-06,Immunara,TX,0.483,501
2025-07,Immunara,TX,0.351,487
2025-08,Immunara,TX,1.761,445
2025-09,Immunara,TX,0.468,551
2025-10,Immunara,TX,0.509,554
2025-11,Immunara,TX,1.43,471
2025-12,Immunara,TX,0.469,592
2023-11,Immunara,VA,1.337,0
2023-12,Immunara,VA,1.561,19
2024-01,Immunara,VA,0.618,44
2024-02,Immunara,VA,1.211,62
2024-03,Immunara,VA,1.503,84
2024-04,Immunara,VA,0.27,93
2024-05,Immunara,VA,1.14,96
2024-06,Immunara,VA,1.371,99
2024-07,Immunara,VA,1.797,127
2024-08,Immunara,VA,2.295,138
2024-09,Immunara,VA,1.327,137
2024-10,Immunara,VA,0.647,147
2024-11,Immunara,VA,1.094,135
2024-12,Immunara,VA,1.758,149
2025-01,Immunara,VA,0.572,203
2025-02,Immunara,VA,1.436,182
2025-03,Immunara,VA,1.576,161
2025-04,Immunara,VA,0.581,157
2025-05,Immunara,VA,0.956,152
2025-06,Immunara,VA,1.482,162
2025-07,Immunara,VA,0.68,168
2025-08,Immunara,VA,1.195,151
2025-09,Immunara,VA,1.369,171
2025-10,Immunara,VA,0.483,229
2025-11,Immunara,VA,1.331,177
2025-12,Immunara,VA,1.434,174
2023-11,Immunara,WA,0.93,1
2023-12,Immunara,WA,0.71,14
2024-01,Immunara,WA,0.276,40
2024-02,Immunara,WA,1.365,44
2024-03,Immunara,WA,1.737,75
2024-04,Immunara,WA,0.02,97
2024-05,Immunara,WA,1.166,82
2024-06,Immunara,WA,0.773,96
2024-07,Immunara,WA,0.342,113
2024-08,Immunara,WA,1.211,131
2024-09,Immunara,WA,0.846,123
2024-10,Immunara,WA,0.183,172
2024-11,Immunara,WA,0.995,126
2024-12,Immunara,WA,0.663,160
2025-01,Immunara,WA,0.295,170
2025-02,Immunara,WA,1.24,138
2025-03,Immunara,WA,0.469,153
2025-04,Immunara,WA,0.02,139
2025-05,Immunara,WA,1.0,130
2025-06,Immunara,WA,0.405,139
2025-07,Immunara,WA,0.101,177
2025-08,Immunara,WA,0.866,135
2025-09,Immunara,WA,0.553,161
2025-10,Immunara,WA,0.137,165
2025-11,Immunara,WA,0.956,147
2025-12,Immunara,WA,0.564,177
2022-11,Neurilex,AZ,0.02,1
2022-12,Neurilex,AZ,0.826,27
2023-01,Neurilex,AZ,0.503,55
2023-02,Neurilex,AZ,0.02,84
2023-03,Neurilex,AZ,1.253,110
2023-04,Neurilex,AZ,0.59,143
2023-05,Neurilex,AZ,0.069,132
2023-06,Neurilex,AZ,0.967,123
2023-07,Neurilex,AZ,0.811,176
2023-08,Neurilex,AZ,0.257,179
2023-09,Neurilex,AZ,1.056,159
2023-10,Neurilex,AZ,0.327,178
2023-11,Neurilex,AZ,1.303,203
2023-12,Neurilex,AZ,0.761,209
2024-01,Neurilex,AZ,0.654,239
2024-02,Neurilex,AZ,0.048,232
2024-03,Neurilex,AZ,1.255,205
2024-04,Neurilex,AZ,1.025,240
2024-05,Neurilex,AZ,0.05,233
2024-06,Neurilex,AZ,1.028,205
2024-07,Neurilex,AZ,0.813,249
2024-08,Neurilex,AZ,0.02,218
2024-09,Neurilex,AZ,1.153,244
2024-10,Neurilex,AZ,0.67,258
2024-11,Neurilex,AZ,0.02,267
2024-12,Neurilex,AZ,0.884,239
2025-01,Neurilex,AZ,0.722,238
2025-02,Neurilex,AZ,0.068,278
2025-03,Neurilex,AZ,0.865,229
2025-04,Neurilex,AZ,0.725,258
2025-05,Neurilex,AZ,0.099,268
2025-06,Neurilex,AZ,1.222,210
2025-07,Neurilex,AZ,0.752,274
2025-08,Neurilex,AZ,0.216,252
2025-09,Neurilex,AZ,1.188,224
2025-10,Neurilex,AZ,0.724,286
2025-11,Neurilex,AZ,0.132,276
2025-12,Neurilex,AZ,0.755,262
2022-11,Neurilex,CA,0.03,0
2022-12,Neurilex,CA,1.316,110
2023-01,Neurilex,CA,0.515,259
2023-02,Neurilex,CA,0.02,378
2023-03,Neurilex,CA,0.933,399
2023-04,Neurilex,CA,0.525,529
2023-05,Neurilex,CA,0.02,563
2023-06,Neurilex,CA,0.769,575
2023-07,Neurilex,CA,0.778,664
2023-08,Neurilex,CA,0.02,715
2023-09,Neurilex,CA,1.103,699
2023-10,Neurilex,CA,0.51,880
2023-11,Neurilex,CA,0.02,887
2023-12,Neurilex,CA,0.783,830
2024-01,Neurilex,CA,0.83,975
2024-02,Neurilex,CA,0.17,1020
2024-03,Neurilex,CA,0.81,923
2024-04,Neurilex,CA,1.911,956
2024-05,Neurilex,CA,0.209,1166
2024-06,Neurilex,CA,1.219,1017
2024-07,Neurilex,CA,0.636,1049
2024-08,Neurilex,CA,0.02,1054
2024-09,Neurilex,CA,0.974,911
2024-10,Neurilex,CA,0.614,1003
2024-11,Neurilex,CA,0.02,1055
2024-12,Neurilex,CA,2.04,1020
2025-01,Neurilex,CA,0.587,1208
2025-02,Neurilex,CA,0.957,1227
2025-03,Neurilex,CA,0.95,1168
2025-04,Neurilex,CA,2.146,1108
2025-05,Neurilex,CA,0.02,1288
2025-06,Neurilex,CA,0.958,1100
2025-07,Neurilex,CA,0.782,1048
2025-08,Neurilex,CA,0.02,1073
2025-09,Neurilex,CA,1.193,939
2025-10,Neurilex,CA,0.96,1150
2025-11,Neurilex,CA,0.02,1216
2025-12,Neurilex,CA,1.021,1046
2022-11,Neurilex,FL,1.451,2
2022-12,Neurilex,FL,0.526,102
2023-01,Neurilex,FL,0.636,162
2023-02,Neurilex,FL,1.335,206
2023-03,Neurilex,FL,0.56,306
2023-04,Neurilex,FL,0.598,349
2023-05,Neurilex,FL,1.602,351
2023-06,Neurilex,FL,0.419,443
2023-07,Neurilex,FL,2.049,415
2023-08,Neurilex,FL,2.651,491
2023-09,Neurilex,FL,0.382,655
2023-10,Neurilex,FL,0.594,596
2023-11,Neurilex,FL,1.384,487
2023-12,Neurilex,FL,0.436,609
2024-01,Neurilex,FL,0.895,630
2024-02,Neurilex,FL,1.303,639
2024-03,Neurilex,FL,0.44,668
2024-04,Neurilex,FL,0.672,679
2024-05,Neurilex,FL,1.278,604
2024-06,Neurilex,FL,0.272,674
2024-07,Neurilex,FL,0.921,610
2024-08,Neurilex,FL,1.429,599
2024-09,Neurilex,FL,0.339,780
2024-10,Neurilex,FL,0.656,667
2024-11,Neurilex,FL,1.366,657
2024-12,Neurilex,FL,0.493,767
2025-01,Neurilex,FL,0.651,695
2025-02,Neurilex,FL,1.456,673
2025-03,Neurilex,FL,0.359,751
2025-04,Neurilex,FL,0.802,704
2025-05,Neurilex,FL,1.357,712
2025-06,Neurilex,FL,0.473,734
2025-07,Neurilex,FL,2.0,690
2025-08,Neurilex,FL,1.56,769
2025-09,Neurilex,FL,0.148,828
2025-10,Neurilex,FL,0.629,719
2025-11,Neurilex,FL,1.592,671
2025-12,Neurilex,FL,0.419,753
2022-11,Neurilex,GA,1.47,1
2022-12,Neurilex,GA,0.778,52
2023-01,Neurilex,GA,1.513,91
2023-02,Neurilex,GA,1.468,157
2023-03,Neurilex,GA,0.648,162
2023-04,Neurilex,GA,1.611,203
2023-05,Neurilex,GA,1.27,221
2023-06,Neurilex,GA,0.573,282
2023-07,Neurilex,GA,1.365,253
2023-08,Neurilex,GA,1.072,282
2023-09,Neurilex,GA,0.702,279
2023-10,Neurilex,GA,1.493,277
2023-11,Neurilex,GA,1.355,322
2023-12,Neurilex,GA,0.578,322
2024-01,Neurilex,GA,1.589,325
2024-02,Neurilex,GA,1.305,389
2024-03,Neurilex,GA,0.47,341
2024-04,Neurilex,GA,1.535,364
2024-05,Neurilex,GA,1.32,398
2024-06,Neurilex,GA,0.346,351
2024-07,Neurilex,GA,1.598,351
2024-08,Neurilex,GA,1.356,379
2024-09,Neurilex,GA,0.525,387
2024-10,Neurilex,GA,1.607,327
2024-11,Neurilex,GA,1.263,435
2024-12,Neurilex,GA,0.291,448
2025-01,Neurilex,GA,1.491,363
2025-02,Neurilex,GA,1.288,410
2025-03,Neurilex,GA,0.488,418
2025-04,Neurilex,GA,1.671,372
2025-05,Neurilex,GA,1.421,433
2025-06,Neurilex,GA,0.416,442
2025-07,Neurilex,GA,1.415,347
2025-08,Neurilex,GA,2.176,396
2025-09,Neurilex,GA,0.642,450
2025-10,Neurilex,GA,1.283,406
2025-11,Neurilex,GA,1.279,394
2025-12,Neurilex,GA,0.814,431
2022-11,Neurilex,IL,1.198,0
2022-12,Neurilex,IL,1.509,43
2023-01,Neurilex,IL,0.699,121
2023-02,Neurilex,IL,0.868,148
2023-03,Neurilex,IL,1.751,183
2023-04,Neurilex,IL,0.309,250
2023-05,Neurilex,IL,1.099,240
2023-06,Neurilex,IL,1.848,248
2023-07,Neurilex,IL,0.616,319
2023-08,Neurilex,IL,0.885,263
2023-09,Neurilex,IL,1.743,296
2023-10,Neurilex,IL,0.788,363
2023-11,Neurilex,IL,1.008,356
2023-12,Neurilex,IL,1.5,380
2024-01,Neurilex,IL,0.518,357
2024-02,Neurilex,IL,0.952,359
2024-03,Neurilex,IL,1.52,358
2024-04,Neurilex,IL,0.689,414
2024-05,Neurilex,IL,0.984,389
2024-06,Neurilex,IL,1.676,358
2024-07,Neurilex,IL,0.473,404
2024-08,Neurilex,IL,1.269,377
2024-09,Neurilex,IL,1.558,385
2024-10,Neurilex,IL,0.483,418
2024-11,Neurilex,IL,0.802,379
2024-12,Neurilex,IL,1.661,421
2025-01,Neurilex,IL,0.449,486
2025-02,Neurilex,IL,2.184,438
2025-03,Neurilex,IL,1.787,464
2025-04,Neurilex,IL,0.802,487
2025-05,Neurilex,IL,1.205,391
2025-06,Neurilex,IL,1.476,426
2025-07,Neurilex,IL,0.635,432
2025-08,Neurilex,IL,0.893,378
2025-09,Neurilex,IL,1.45,427
2025-10,Neurilex,IL,0.908,467
2025-11,Neurilex,IL,1.06,471
2025-12,Neurilex,IL,1.801,436
2022-11,Neurilex,MA,1.27,1
2022-12,Neurilex,MA,1.104,29
2023-01,Neurilex,MA,0.176,73
2023-02,Neurilex,MA,1.214,87
2023-03,Neurilex,MA,1.01,117
2023-04,Neurilex,MA,0.02,131
2023-05,Neurilex,MA,0.954,133
2023-06,Neurilex,MA,0.955,146
2023-07,Neurilex,MA,0.384,155
2023-08,Neurilex,MA,1.11,152
2023-09,Neurilex,MA,0.717,218
2023-10,Neurilex,MA,0.175,189
2023-11,Neurilex,MA,2.244,187
2023-12,Neurilex,MA,1.709,294
2024-01,Neurilex,MA,0.146,298
2024-02,Neurilex,MA,0.907,216
2024-03,Neurilex,MA,0.973,236
2024-04,Neurilex,MA,0.257,244
2024-05,Neurilex,MA,2.261,225
2024-06,Neurilex,MA,0.829,260
2024-07,Neurilex,MA,0.081,258
2024-08,Neurilex,MA,1.228,204
2024-09,Neurilex,MA,0.903,262
2024-10,Neurilex,MA,0.055,255
2024-11,Neurilex,MA,1.09,215
2024-12,Neurilex,MA,0.636,277
2025-01,Neurilex,MA,0.02,261
2025-02,Neurilex,MA,1.253,229
2025-03,Neurilex,MA,1.1,270
2025-04,Neurilex,MA,0.02,278
2025-05,Neurilex,MA,1.183,229
2025-06,Neurilex,MA,0.674,238
2025-07,Neurilex,MA,0.265,247
2025-08,Neurilex,MA,1.129,238
2025-09,Neurilex,MA,0.76,287
2025-10,Neurilex,MA,0.02,264
2025-11,Neurilex,MA,0.857,227
2025-12,Neurilex,MA,0.608,287
2022-11,Neurilex,MI,1.733,0
2022-12,Neurilex,MI,0.763,42
2023-01,Neurilex,MI,1.006,91
2023-02,Neurilex,MI,1.579,108
2023-03,Neurilex,MI,1.735,168
2023-04,Neurilex,MI,0.854,191
2023-05,Neurilex,MI,1.585,212
2023-06,Neurilex,MI,0.705,224
2023-07,Neurilex,MI,0.652,230
2023-08,Neurilex,MI,1.809,225
2023-09,Neurilex,MI,0.864,278
2023-10,Neurilex,MI,1.872,307
2023-11,Neurilex,MI,1.613,314
2023-12,Neurilex,MI,0.644,335
2024-01,Neurilex,MI,0.758,299
2024-02,Neurilex,MI,1.751,308
2024-03,Neurilex,MI,0.912,345
2024-04,Neurilex,MI,1.081,350
2024-05,Neurilex,MI,1.878,313
2024-06,Neurilex,MI,0.712,365
2024-07,Neurilex,MI,1.071,304
2024-08,Neurilex,MI,1.654,341
2024-09,Neurilex,MI,0.704,347
2024-10,Neurilex,MI,0.886,354
2024-11,Neurilex,MI,1.693,349
2024-12,Neurilex,MI,0.987,381
2025-01,Neurilex,MI,1.096,367
2025-02,Neurilex,MI,1.757,410
2025-03,Neurilex,MI,0.793,362
2025-04,Neurilex,MI,0.701,350
2025-05,Neurilex,MI,3.102,373
2025-06,Neurilex,MI,0.68,429
2025-07,Neurilex,MI,0.734,400
2025-08,Neurilex,MI,1.469,341
2025-09,Neurilex,MI,0.902,347
2025-10,Neurilex,MI,1.842,360
2025-11,Neurilex,MI,1.99,408
2025-12,Neurilex,MI,0.661,490
2022-11,Neurilex,NC,1.395,2
2022-12,Neurilex,NC,0.278,48
2023-01,Neurilex,NC,0.817,75
2023-02,Neurilex,NC,1.625,112
2023-03,Neurilex,NC,0.535,158
2023-04,Neurilex,NC,1.067,152
2023-05,Neurilex,NC,1.413,215
2023-06,Neurilex,NC,1.597,229
2023-07,Neurilex,NC,1.085,260
2023-08,Neurilex,NC,2.581,262
2023-09,Neurilex,NC,0.384,323
2023-10,Neurilex,NC,1.207,263
2023-11,Neurilex,NC,1.44,260
2023-12,Neurilex,NC,0.424,354
2024-01,Neurilex,NC,1.029,297
2024-02,Neurilex,NC,1.417,297
2024-03,Neurilex,NC,0.361,339
2024-04,Neurilex,NC,1.189,299
2024-05,Neurilex,NC,2.611,308
2024-06,Neurilex,NC,0.899,385
2024-07,Neurilex,NC,1.28,356
2024-08,Neurilex,NC,1.331,366
2024-09,Neurilex,NC,0.25,366
2024-10,Neurilex,NC,1.06,321
2024-11,Neurilex,NC,1.399,348
2024-12,Neurilex,NC,0.547,424
2025-01,Neurilex,NC,1.113,389
2025-02,Neurilex,NC,1.656,377
2025-03,Neurilex,NC,0.137,407
2025-04,Neurilex,NC,1.23,343
2025-05,Neurilex,NC,2.536,313
2025-06,Neurilex,NC,1.856,439
2025-07,Neurilex,NC,1.012,429
2025-08,Neurilex,NC,1.278,339
2025-09,Neurilex,NC,0.411,394
2025-10,Neurilex,NC,1.021,344
2025-11,Neurilex,NC,1.292,359
2025-12,Neurilex,NC,0.33,387
2022-11,Neurilex,NJ,1.798,1
2022-12,Neurilex,NJ,0.867,51
2023-01,Neurilex,NJ,0.785,76
2023-02,Neurilex,NJ,1.913,90
2023-03,Neurilex,NJ,0.677,155
2023-04,Neurilex,NJ,0.881,157
2023-05,Neurilex,NJ,1.698,159
2023-06,Neurilex,NJ,0.625,220
2023-07,Neurilex,NJ,0.806,209
2023-08,Neurilex,NJ,1.705,227
2023-09,Neurilex,NJ,0.377,257
2023-10,Neurilex,NJ,0.863,263
2023-11,Neurilex,NJ,1.684,243
2023-12,Neurilex,NJ,0.949,312
2024-01,Neurilex,NJ,0.777,290
2024-02,Neurilex,NJ,1.554,286
2024-03,Neurilex,NJ,0.487,302
2024-04,Neurilex,NJ,0.902,277
2024-05,Neurilex,NJ,1.74,269
2024-06,Neurilex,NJ,1.875,340
2024-07,Neurilex,NJ,0.895,332
2024-08,Neurilex,NJ,1.628,327
2024-09,Neurilex,NJ,0.511,311
2024-10,Neurilex,NJ,0.835,273
2024-11,Neurilex,NJ,1.537,370
2024-12,Neurilex,NJ,0.267,352
2025-01,Neurilex,NJ,1.096,325
2025-02,Neurilex,NJ,1.625,336
2025-03,Neurilex,NJ,0.393,350
2025-04,Neurilex,NJ,0.797,298
2025-05,Neurilex,NJ,1.697,318
2025-06,Neurilex,NJ,0.54,346
2025-07,Neurilex,NJ,2.012,325
2025-08,Neurilex,NJ,3.162,381
2025-09,Neurilex,NJ,0.74,478
2025-10,Neurilex,NJ,0.779,375
2025-11,Neurilex,NJ,1.622,326
2025-12,Neurilex,NJ,0.602,340
2022-11,Neurilex,NY,1.56,6
2022-12,Neurilex,NY,1.689,89
2023-01,Neurilex,NY,0.708,173
2023-02,Neurilex,NY,1.477,228
2023-03,Neurilex,NY,1.315,301
2023-04,Neurilex,NY,0.481,312
2023-05,Neurilex,NY,1.316,346
2023-06,Neurilex,NY,1.449,383
2023-07,Neurilex,NY,0.512,419
2023-08,Neurilex,NY,1.17,423
2023-09,Neurilex,NY,1.235,454
2023-10,Neurilex,NY,0.402,550
2023-11,Neurilex,NY,1.304,475
2023-12,Neurilex,NY,1.447,566
2024-01,Neurilex,NY,0.533,659
2024-02,Neurilex,NY,1.392,595
2024-03,Neurilex,NY,1.367,581
2024-04,Neurilex,NY,0.446,613
2024-05,Neurilex,NY,1.464,557
2024-06,Neurilex,NY,1.126,577
2024-07,Neurilex,NY,0.489,660
2024-08,Neurilex,NY,1.444,573
2024-09,Neurilex,NY,2.531,633
2024-10,Neurilex,NY,0.604,783
2024-11,Neurilex,NY,1.414,699
2024-12,Neurilex,NY,1.432,687
2025-01,Neurilex,NY,0.404,715
2025-02,Neurilex,NY,1.428,646
2025-03,Neurilex,NY,1.528,671
2025-04,Neurilex,NY,0.456,722
2025-05,Neurilex,NY,1.375,643
2025-06,Neurilex,NY,1.466,669
2025-07,Neurilex,NY,0.379,718
2025-08,Neurilex,NY,1.282,619
2025-09,Neurilex,NY,1.424,642
2025-10,Neurilex,NY,0.375,710
2025-11,Neurilex,NY,1.441,689
2025-12,Neurilex,NY,1.6,737
2022-11,Neurilex,OH,0.674,0
2022-12,Neurilex,OH,0.738,44
2023-01,Neurilex,OH,0.02,106
2023-02,Neurilex,OH,0.704,122
2023-03,Neurilex,OH,0.845,155
2023-04,Neurilex,OH,0.02,195
2023-05,Neurilex,OH,0.866,198
2023-06,Neurilex,OH,0.733,225
2023-07,Neurilex,OH,0.02,236
2023-08,Neurilex,OH,0.917,238
2023-09,Neurilex,OH,0.789,267
2023-10,Neurilex,OH,0.02,306
2023-11,Neurilex,OH,0.755,312
2023-12,Neurilex,OH,0.573,343
2024-01,Neurilex,OH,0.108,336
2024-02,Neurilex,OH,0.68,368
2024-03,Neurilex,OH,1.034,369
2024-04,Neurilex,OH,0.02,331
2024-05,Neurilex,OH,1.001,330
2024-06,Neurilex,OH,0.803,380
2024-07,Neurilex,OH,0.02,353
2024-08,Neurilex,OH,0.892,314
2024-09,Neurilex,OH,0.623,357
2024-10,Neurilex,OH,0.114,383
2024-11,Neurilex,OH,0.604,391
2024-12,Neurilex,OH,0.984,380
2025-01,Neurilex,OH,0.02,421
2025-02,Neurilex,OH,0.762,384
2025-03,Neurilex,OH,0.979,403
2025-04,Neurilex,OH,0.02,387
2025-05,Neurilex,OH,0.561,342
2025-06,Neurilex,OH,0.584,409
2025-07,Neurilex,OH,0.069,356
2025-08,Neurilex,OH,0.777,343
2025-09,Neurilex,OH,0.775,399
2025-10,Neurilex,OH,0.02,395
2025-11,Neurilex,OH,1.213,369
2025-12,Neurilex,OH,0.721,407
2022-11,Neurilex,PA,1.202,1
2022-12,Neurilex,PA,0.24,64
2023-01,Neurilex,PA,0.811,113
2023-02,Neurilex,PA,1.534,161
2023-03,Neurilex,PA,0.401,211
2023-04,Neurilex,PA,1.05,200
2023-05,Neurilex,PA,1.251,265
2023-06,Neurilex,PA,0.507,308
2023-07,Neurilex,PA,0.928,289
2023-08,Neurilex,PA,1.212,296
2023-09,Neurilex,PA,0.492,346
2023-10,Neurilex,PA,1.045,372
2023-11,Neurilex,PA,1.358,378
2023-12,Neurilex,PA,0.294,427
2024-01,Neurilex,PA,1.09,429
2024-02,Neurilex,PA,1.198,471
2024-03,Neurilex,PA,0.382,433
2024-04,Neurilex,PA,1.141,392
2024-05,Neurilex,PA,1.494,385
2024-06,Neurilex,PA,0.04,505
2024-07,Neurilex,PA,1.269,423
2024-08,Neurilex,PA,1.491,436
2024-09,Neurilex,PA,0.293,479
2024-10,Neurilex,PA,0.966,428
2024-11,Neurilex,PA,1.669,483
2024-12,Neurilex,PA,0.193,565
2025-01,Neurilex,PA,1.326,466
2025-02,Neurilex,PA,1.55,479
2025-03,Neurilex,PA,0.769,571
2025-04,Neurilex,PA,0.93,490
2025-05,Neurilex,PA,1.185,433
2025-06,Neurilex,PA,0.274,465
2025-07,Neurilex,PA,1.033,453
2025-08,Neurilex,PA,1.407,447
2025-09,Neurilex,PA,0.067,516
2025-10,Neurilex,PA,1.083,443
2025-11,Neurilex,PA,2.566,477
2025-12,Neurilex,PA,0.165,599
2022-11,Neurilex,TX,0.697,0
2022-12,Neurilex,TX,1.374,100
2023-01,Neurilex,TX,0.257,229
2023-02,Neurilex,TX,0.482,281
2023-03,Neurilex,TX,1.506,311
2023-04,Neurilex,TX,0.343,413
2023-05,Neurilex,TX,0.412,422
2023-06,Neurilex,TX,1.215,443
2023-07,Neurilex,TX,0.305,582
2023-08,Neurilex,TX,0.58,542
2023-09,Neurilex,TX,1.476,614
2023-10,Neurilex,TX,0.33,672
2023-11,Neurilex,TX,0.513,724
2023-12,Neurilex,TX,1.276,671
2024-01,Neurilex,TX,0.078,824
2024-02,Neurilex,TX,0.338,711
2024-03,Neurilex,TX,1.104,741
2024-04,Neurilex,TX,0.322,800
2024-05,Neurilex,TX,0.598,725
2024-06,Neurilex,TX,1.232,742
2024-07,Neurilex,TX,1.341,889
2024-08,Neurilex,TX,0.635,937
2024-09,Neurilex,TX,1.436,847
2024-10,Neurilex,TX,0.236,881
2024-11,Neurilex,TX,0.411,826
2024-12,Neurilex,TX,1.542,793
2025-01,Neurilex,TX,0.22,991
2025-02,Neurilex,TX,0.812,847
2025-03,Neurilex,TX,1.406,945
2025-04,Neurilex,TX,1.481,900
2025-05,Neurilex,TX,0.718,1019
2025-06,Neurilex,TX,1.451,922
2025-07,Neurilex,TX,0.296,910
2025-08,Neurilex,TX,0.623,801
2025-09,Neurilex,TX,1.348,792
2025-10,Neurilex,TX,0.203,905
2025-11,Neurilex,TX,0.721,843
2025-12,Neurilex,TX,1.276,849
2022-11,Neurilex,VA,0.54,2
2022-12,Neurilex,VA,1.396,37
2023-01,Neurilex,VA,0.694,79
2023-02,Neurilex,VA,0.372,106
2023-03,Neurilex,VA,1.963,118
2023-04,Neurilex,VA,1.775,168
2023-05,Neurilex,VA,0.395,191
2023-06,Neurilex,VA,1.53,163
2023-07,Neurilex,VA,0.496,201
2023-08,Neurilex,VA,0.728,202
2023-09,Neurilex,VA,1.468,206
2023-10,Neurilex,VA,0.485,224
2023-11,Neurilex,VA,0.653,231
2023-12,Neurilex,VA,1.724,244
2024-01,Neurilex,VA,0.734,290
2024-02,Neurilex,VA,0.582,268
2024-03,Neurilex,VA,2.934,259
2024-04,Neurilex,VA,1.527,322
2024-05,Neurilex,VA,0.38,331
2024-06,Neurilex,VA,1.641,283
2024-07,Neurilex,VA,0.949,310
2024-08,Neurilex,VA,0.258,299
2024-09,Neurilex,VA,1.542,251
2024-10,Neurilex,VA,0.518,276
2024-11,Neurilex,VA,0.418,302
2024-12,Neurilex,VA,2.538,290
2025-01,Neurilex,VA,0.913,390
2025-02,Neurilex,VA,0.419,322
2025-03,Neurilex,VA,1.589,273
2025-04,Neurilex,VA,1.916,328
2025-05,Neurilex,VA,0.745,358
2025-06,Neurilex,VA,1.518,269
2025-07,Neurilex,VA,1.813,337
2025-08,Neurilex,VA,0.697,335
2025-09,Neurilex,VA,1.706,303
2025-10,Neurilex,VA,0.996,329
2025-11,Neurilex,VA,0.6,332
2025-12,Neurilex,VA,1.625,306
2022-11,Neurilex,WA,0.682,3
2022-12,Neurilex,WA,2.263,35
2023-01,Neurilex,WA,1.759,76
2023-02,Neurilex,WA,0.553,105
2023-03,Neurilex,WA,1.169,134
2023-04,Neurilex,WA,1.744,165
2023-05,Neurilex,WA,0.661,185
2023-06,Neurilex,WA,1.306,172
2023-07,Neurilex,WA,1.729,202
2023-08,Neurilex,WA,0.743,188
2023-09,Neurilex,WA,1.034,209
2023-10,Neurilex,WA,1.885,235
2023-11,Neurilex,WA,0.756,274
2023-12,Neurilex,WA,0.753,281
2024-01,Neurilex,WA,1.649,247
2024-02,Neurilex,WA,0.907,297
2024-03,Neurilex,WA,0.854,256
2024-04,Neurilex,WA,1.644,280
2024-05,Neurilex,WA,0.632,277
2024-06,Neurilex,WA,0.979,305
2024-07,Neurilex,WA,1.369,267
2024-08,Neurilex,WA,0.597,294
2024-09,Neurilex,WA,1.097,270
2024-10,Neurilex,WA,1.658,280
2024-11,Neurilex,WA,1.986,321
2024-12,Neurilex,WA,0.772,341
2025-01,Neurilex,WA,1.791,302
2025-02,Neurilex,WA,2.205,331
2025-03,Neurilex,WA,0.993,307
2025-04,Neurilex,WA,1.75,349
2025-05,Neurilex,WA,0.756,345
2025-06,Neurilex,WA,2.51,277
2025-07,Neurilex,WA,1.424,348
2025-08,Neurilex,WA,0.464,345
2025-09,Neurilex,WA,1.112,268
2025-10,Neurilex,WA,1.639,307
2025-11,Neurilex,WA,0.652,349
2025-12,Neurilex,WA,1.389,324
2022-01,Respivan,AZ,1.85,1
2022-02,Respivan,AZ,0.779,68
2022-03,Respivan,AZ,0.96,108
2022-04,Respivan,AZ,1.823,141
2022-05,Respivan,AZ,1.179,117
2022-06,Respivan,AZ,1.005,132
2022-07,Respivan,AZ,1.784,130
2022-08,Respivan,AZ,0.585,174
2022-09,Respivan,AZ,1.114,212
2022-10,Respivan,AZ,1.752,276
2022-11,Respivan,AZ,0.791,361
2022-12,Respivan,AZ,0.982,359
2023-01,Respivan,AZ,1.58,387
2023-02,Respivan,AZ,0.377,454
2023-03,Respivan,AZ,2.299,352
2023-04,Respivan,AZ,2.129,343
2023-05,Respivan,AZ,0.751,331
2023-06,Respivan,AZ,0.909,273
2023-07,Respivan,AZ,1.559,241
2023-08,Respivan,AZ,1.104,278
2023-09,Respivan,AZ,1.12,305
2023-10,Respivan,AZ,1.761,355
2023-11,Respivan,AZ,0.776,517
2023-12,Respivan,AZ,0.956,528
2024-01,Respivan,AZ,1.903,485
2024-02,Respivan,AZ,0.605,573
2024-03,Respivan,AZ,0.955,448
2024-04,Respivan,AZ,1.885,389
2024-05,Respivan,AZ,0.702,318
2024-06,Respivan,AZ,1.022,266
2024-07,Respivan,AZ,1.921,221
2024-08,Respivan,AZ,0.844,275
2024-09,Respivan,AZ,0.938,340
2024-10,Respivan,AZ,1.755,401
2024-11,Respivan,AZ,0.988,454
2024-12,Respivan,AZ,1.17,492
2025-01,Respivan,AZ,2.035,500
2025-02,Respivan,AZ,0.928,599
2025-03,Respivan,AZ,0.776,481
2025-04,Respivan,AZ,1.806,368
2025-05,Respivan,AZ,0.8,325
2025-06,Respivan,AZ,0.756,292
2025-07,Respivan,AZ,1.817,250
2025-08,Respivan,AZ,0.76,291
2025-09,Respivan,AZ,1.946,272
2025-10,Respivan,AZ,1.667,436
2025-11,Respivan,AZ,0.942,529
2025-12,Respivan,AZ,1.046,465
2022-01,Respivan,CA,0.024,1
2022-02,Respivan,CA,1.501,206
2022-03,Respivan,CA,1.178,415
2022-04,Respivan,CA,0.222,569
2022-05,Respivan,CA,1.262,477
2022-06,Respivan,CA,0.714,512
2022-07,Respivan,CA,0.02,542
2022-08,Respivan,CA,1.113,583
2022-09,Respivan,CA,0.98,819
2022-10,Respivan,CA,0.26,1124
2022-11,Respivan,CA,0.94,1223
2022-12,Respivan,CA,0.826,1539
2023-01,Respivan,CA,0.056,1616
2023-02,Respivan,CA,1.175,1526
2023-03,Respivan,CA,0.773,1503
2023-04,Respivan,CA,1.274,1405
2023-05,Respivan,CA,0.983,1151
2023-06,Respivan,CA,1.042,1081
2023-07,Respivan,CA,0.192,969
2023-08,Respivan,CA,2.249,927
2023-09,Respivan,CA,1.083,1434
2023-10,Respivan,CA,1.311,1668
2023-11,Respivan,CA,1.237,1966
2023-12,Respivan,CA,1.052,2177
2024-01,Respivan,CA,0.412,2207
2024-02,Respivan,CA,2.151,1886
2024-03,Respivan,CA,1.057,2053
2024-04,Respivan,CA,0.166,1709
2024-05,Respivan,CA,0.956,1211
2024-06,Respivan,CA,0.89,1007
2024-07,Respivan,CA,0.02,1058
2024-08,Respivan,CA,1.272,992
2024-09,Respivan,CA,0.953,1262
2024-10,Respivan,CA,0.205,1580
2024-11,Respivan,CA,1.116,1726
2024-12,Respivan,CA,0.885,2070
2025-01,Respivan,CA,0.186,2168
2025-02,Respivan,CA,2.247,1827
2025-03,Respivan,CA,0.981,2158
2025-04,Respivan,CA,0.342,1733
2025-05,Respivan,CA,1.302,1239
2025-06,Respivan,CA,1.055,1124
2025-07,Respivan,CA,0.02,1079
2025-08,Respivan,CA,1.109,1011
2025-09,Respivan,CA,2.102,1258
2025-10,Respivan,CA,0.351,1828
2025-11,Respivan,CA,2.407,2032
2025-12,Respivan,CA,0.731,2372
2022-01,Respivan,FL,0.354,0
2022-02,Respivan,FL,1.179,142
2022-03,Respivan,FL,0.02,254
2022-04,Respivan,FL,0.478,289
2022-05,Respivan,FL,1.298,278
2022-06,Respivan,FL,0.02,332
2022-07,Respivan,FL,2.135,333
2022-08,Respivan,FL,0.961,470
2022-09,Respivan,FL,0.176,621
2022-10,Respivan,FL,0.924,587
2022-11,Respivan,FL,1.252,812
2022-12,Respivan,FL,0.02,1010
2023-01,Respivan,FL,0.668,996
2023-02,Respivan,FL,1.002,989
2023-03,Respivan,FL,0.338,1017
2023-04,Respivan,FL,0.763,783
2023-05,Respivan,FL,1.212,675
2023-06,Respivan,FL,0.02,649
2023-07,Respivan,FL,0.656,509
2023-08,Respivan,FL,1.11,556
2023-09,Respivan,FL,0.071,798
2023-10,Respivan,FL,0.712,831
2023-11,Respivan,FL,2.17,1033
2023-12,Respivan,FL,0.156,1459
2024-01,Respivan,FL,0.503,1261
2024-02,Respivan,FL,1.078,1091
2024-03,Respivan,FL,0.409,1181
2024-04,Respivan,FL,0.519,959
2024-05,Respivan,FL,1.001,784
2024-06,Respivan,FL,0.02,682
2024-07,Respivan,FL,0.556,600
2024-08,Respivan,FL,0.933,608
2024-09,Respivan,FL,0.02,819
2024-10,Respivan,FL,0.523,880
2024-11,Respivan,FL,1.084,1099
2024-12,Respivan,FL,0.02,1247
2025-01,Respivan,FL,0.523,1193
2025-02,Respivan,FL,0.925,1210
2025-03,Respivan,FL,0.02,1203
2025-04,Respivan,FL,0.7,926
2025-05,Respivan,FL,1.084,782
2025-06,Respivan,FL,0.02,734
2025-07,Respivan,FL,0.3,577
2025-08,Respivan,FL,1.013,607
2025-09,Respivan,FL,0.246,805
2025-10,Respivan,FL,0.789,974
2025-11,Respivan,FL,1.126,1085
2025-12,Respivan,FL,0.104,1332
2022-01,Respivan,GA,1.059,0
2022-02,Respivan,GA,0.458,71
2022-03,Respivan,GA,1.159,132
2022-04,Respivan,GA,1.11,181
2022-05,Respivan,GA,0.05,192
2022-06,Respivan,GA,1.412,144
2022-07,Respivan,GA,0.96,179
2022-08,Respivan,GA,0.375,225
2022-09,Respivan,GA,1.227,294
2022-10,Respivan,GA,1.065,370
2022-11,Respivan,GA,0.483,505
2022-12,Respivan,GA,1.29,513
2023-01,Respivan,GA,2.462,601
2023-02,Respivan,GA,0.271,724
2023-03,Respivan,GA,1.408,561
2023-04,Respivan,GA,0.977,469
2023-05,Respivan,GA,0.192,405
2023-06,Respivan,GA,1.473,341
2023-07,Respivan,GA,0.71,330
2023-08,Respivan,GA,0.517,354
2023-09,Respivan,GA,1.465,358
2023-10,Respivan,GA,1.322,544
2023-11,Respivan,GA,0.486,667
2023-12,Respivan,GA,1.3,613
2024-01,Respivan,GA,1.349,735
2024-02,Respivan,GA,0.315,741
2024-03,Respivan,GA,1.721,589
2024-04,Respivan,GA,1.181,561
2024-05,Respivan,GA,0.369,484
2024-06,Respivan,GA,1.445,360
2024-07,Respivan,GA,2.343,387
2024-08,Respivan,GA,0.453,469
2024-09,Respivan,GA,1.358,478
2024-10,Respivan,GA,1.237,577
2024-11,Respivan,GA,0.186,684
2024-12,Respivan,GA,1.279,666
2025-01,Respivan,GA,1.104,739
2025-02,Respivan,GA,0.236,813
2025-03,Respivan,GA,1.489,609
2025-04,Respivan,GA,0.969,547
2025-05,Respivan,GA,0.437,461
2025-06,Respivan,GA,1.257,378
2025-07,Respivan,GA,1.123,331
2025-08,Respivan,GA,1.415,392
2025-09,Respivan,GA,1.442,426
2025-10,Respivan,GA,1.537,605
2025-11,Respivan,GA,0.231,737
2025-12,Respivan,GA,1.386,683
2022-01,Respivan,IL,1.164,1
2022-02,Respivan,IL,1.474,79
2022-03,Respivan,IL,0.789,179
2022-04,Respivan,IL,1.305,168
2022-05,Respivan,IL,1.744,204
2022-06,Respivan,IL,1.815,182
2022-07,Respivan,IL,1.126,242
2022-08,Respivan,IL,1.594,262
2022-09,Respivan,IL,0.369,339
2022-10,Respivan,IL,1.328,389
2022-11,Respivan,IL,1.38,525
2022-12,Respivan,IL,0.616,661
2023-01,Respivan,IL,1.056,610
2023-02,Respivan,IL,1.596,621
2023-03,Respivan,IL,0.408,650
2023-04,Respivan,IL,1.152,474
2023-05,Respivan,IL,1.505,396
2023-06,Respivan,IL,0.91,377
2023-07,Respivan,IL,1.449,338
2023-08,Respivan,IL,1.619,445
2023-09,Respivan,IL,0.659,498
2023-10,Respivan,IL,1.088,559
2023-11,Respivan,IL,1.57,680
2023-12,Respivan,IL,0.468,833
2024-01,Respivan,IL,0.951,719
2024-02,Respivan,IL,1.571,751
2024-03,Respivan,IL,0.41,695
2024-04,Respivan,IL,1.081,516
2024-05,Respivan,IL,1.659,490
2024-06,Respivan,IL,0.623,452
2024-07,Respivan,IL,1.192,367
2024-08,Respivan,IL,1.679,429
2024-09,Respivan,IL,0.5,566
2024-10,Respivan,IL,0.998,563
2024-11,Respivan,IL,1.564,712
2024-12,Respivan,IL,0.374,838
2025-01,Respivan,IL,1.249,761
2025-02,Respivan,IL,1.643,773
2025-03,Respivan,IL,0.36,732
2025-04,Respivan,IL,1.09,605
2025-05,Respivan,IL,1.546,437
2025-06,Respivan,IL,0.435,499
2025-07,Respivan,IL,1.242,365
2025-08,Respivan,IL,1.55,412
2025-09,Respivan,IL,0.635,595
2025-10,Respivan,IL,0.991,564
2025-11,Respivan,IL,1.443,733
2025-12,Respivan,IL,0.712,823
2022-01,Respivan,MA,0.866,1
2022-02,Respivan,MA,0.464,49
2022-03,Respivan,MA,1.446,111
2022-04,Respivan,MA,0.728,120
2022-05,Respivan,MA,0.603,136
2022-06,Respivan,MA,1.63,116
2022-07,Respivan,MA,0.557,143
2022-08,Respivan,MA,0.538,160
2022-09,Respivan,MA,1.385,179
2022-10,Respivan,MA,0.644,249
2022-11,Respivan,MA,0.363,355
2022-12,Respivan,MA,1.356,336
2023-01,Respivan,MA,0.528,371
2023-02,Respivan,MA,0.413,384
2023-03,Respivan,MA,1.521,338
2023-04,Respivan,MA,0.49,326
2023-05,Respivan,MA,0.559,283
2023-06,Respivan,MA,1.558,203
2023-07,Respivan,MA,0.502,223
2023-08,Respivan,MA,0.091,236
2023-09,Respivan,MA,1.568,257
2023-10,Respivan,MA,0.456,371
2023-11,Respivan,MA,0.169,399
2023-12,Respivan,MA,1.431,438
2024-01,Respivan,MA,0.57,525
2024-02,Respivan,MA,0.52,421
2024-03,Respivan,MA,1.376,405
2024-04,Respivan,MA,0.526,400
2024-05,Respivan,MA,0.153,290
2024-06,Respivan,MA,1.542,194
2024-07,Respivan,MA,0.68,262
2024-08,Respivan,MA,0.567,261
2024-09,Respivan,MA,1.495,285
2024-10,Respivan,MA,0.608,392
2024-11,Respivan,MA,0.321,476
2024-12,Respivan,MA,1.587,450
2025-01,Respivan,MA,0.693,566
2025-02,Respivan,MA,0.459,487
2025-03,Respivan,MA,1.28,450
2025-04,Respivan,MA,0.606,412
2025-05,Respivan,MA,0.675,359
2025-06,Respivan,MA,1.662,268
2025-07,Respivan,MA,0.508,258
2025-08,Respivan,MA,0.37,248
2025-09,Respivan,MA,1.378,294
2025-10,Respivan,MA,0.777,421
2025-11,Respivan,MA,0.584,476
2025-12,Respivan,MA,1.391,446
2022-01,Respivan,MI,0.02,0
2022-02,Respivan,MI,0.822,71
2022-03,Respivan,MI,1.008,107
2022-04,Respivan,MI,0.02,156
2022-05,Respivan,MI,0.987,145
2022-06,Respivan,MI,1.306,164
2022-07,Respivan,MI,0.185,184
2022-08,Respivan,MI,0.992,201
2022-09,Respivan,MI,0.919,254
2022-10,Respivan,MI,0.108,324
2022-11,Respivan,MI,0.88,396
2022-12,Respivan,MI,0.989,462
2023-01,Respivan,MI,0.041,550
2023-02,Respivan,MI,1.026,452
2023-03,Respivan,MI,1.249,454
2023-04,Respivan,MI,0.217,458
2023-05,Respivan,MI,0.912,377
2023-06,Respivan,MI,0.949,300
2023-07,Respivan,MI,0.312,293
2023-08,Respivan,MI,0.967,285
2023-09,Respivan,MI,1.135,365
2023-10,Respivan,MI,0.195,500
2023-11,Respivan,MI,0.882,502
2023-12,Respivan,MI,1.006,608
2024-01,Respivan,MI,0.02,677
2024-02,Respivan,MI,0.773,526
2024-03,Respivan,MI,1.207,491
2024-04,Respivan,MI,0.02,540
2024-05,Respivan,MI,1.021,379
2024-06,Respivan,MI,1.288,324
2024-07,Respivan,MI,0.02,365
2024-08,Respivan,MI,0.929,327
2024-09,Respivan,MI,0.751,369
2024-10,Respivan,MI,0.074,471
2024-11,Respivan,MI,0.818,551
2024-12,Respivan,MI,0.67,672
2025-01,Respivan,MI,0.02,641
2025-02,Respivan,MI,2.002,579
2025-03,Respivan,MI,1.132,666
2025-04,Respivan,MI,0.02,559
2025-05,Respivan,MI,0.839,381
2025-06,Respivan,MI,0.878,326
2025-07,Respivan,MI,0.02,362
2025-08,Respivan,MI,0.925,287
2025-09,Respivan,MI,0.992,393
2025-10,Respivan,MI,0.124,533
2025-11,Respivan,MI,0.874,539
2025-12,Respivan,MI,1.169,608
2022-01,Respivan,NC,1.188,4
2022-02,Respivan,NC,0.601,58
2022-03,Respivan,NC,1.077,124
2022-04,Respivan,NC,2.595,146
2022-05,Respivan,NC,0.456,189
2022-06,Respivan,NC,1.1,182
2022-07,Respivan,NC,1.309,175
2022-08,Respivan,NC,0.507,223
2022-09,Respivan,NC,1.25,238
2022-10,Respivan,NC,0.893,343
2022-11,Respivan,NC,0.248,399
2022-12,Respivan,NC,0.942,488
2023-01,Respivan,NC,1.176,518
2023-02,Respivan,NC,0.256,602
2023-03,Respivan,NC,1.11,504
2023-04,Respivan,NC,1.197,438
2023-05,Respivan,NC,0.118,425
2023-06,Respivan,NC,1.277,297
2023-07,Respivan,NC,1.131,297
2023-08,Respivan,NC,0.02,324
2023-09,Respivan,NC,1.075,345
2023-10,Respivan,NC,2.357,470
2023-11,Respivan,NC,0.093,671
2023-12,Respivan,NC,1.169,618
2024-01,Respivan,NC,1.026,665
2024-02,Respivan,NC,0.492,697
2024-03,Respivan,NC,1.365,614
2024-04,Respivan,NC,1.138,518
2024-05,Respivan,NC,1.295,422
2024-06,Respivan,NC,1.24,358
2024-07,Respivan,NC,1.304,358
2024-08,Respivan,NC,0.302,390
2024-09,Respivan,NC,1.312,400
2024-10,Respivan,NC,1.049,495
2024-11,Respivan,NC,0.444,633
2024-12,Respivan,NC,1.101,684
2025-01,Respivan,NC,1.222,725
2025-02,Respivan,NC,0.12,685
2025-03,Respivan,NC,1.098,553
2025-04,Respivan,NC,1.271,510
2025-05,Respivan,NC,0.182,498
2025-06,Respivan,NC,1.075,306
2025-07,Respivan,NC,1.092,333
2025-08,Respivan,NC,0.312,374
2025-09,Respivan,NC,0.939,393
2025-10,Respivan,NC,1.196,479
2025-11,Respivan,NC,0.158,647
2025-12,Respivan,NC,1.254,592
2022-01,Respivan,NJ,1.59,0
2022-02,Respivan,NJ,0.576,74
2022-03,Respivan,NJ,0.518,115
2022-04,Respivan,NJ,1.509,150
2022-05,Respivan,NJ,0.489,165
2022-06,Respivan,NJ,0.695,138
2022-07,Respivan,NJ,1.693,150
2022-08,Respivan,NJ,0.539,210
2022-09,Respivan,NJ,0.831,250
2022-10,Respivan,NJ,1.339,319
2022-11,Respivan,NJ,0.665,408
2022-12,Respivan,NJ,0.801,418
2023-01,Respivan,NJ,1.725,458
2023-02,Respivan,NJ,0.668,562
2023-03,Respivan,NJ,0.636,487
2023-04,Respivan,NJ,1.489,388
2023-05,Respivan,NJ,0.551,363
2023-06,Respivan,NJ,0.495,282
2023-07,Respivan,NJ,1.668,270
2023-08,Respivan,NJ,0.478,354
2023-09,Respivan,NJ,0.448,373
2023-10,Respivan,NJ,1.649,379
2023-11,Respivan,NJ,0.358,552
2023-12,Respivan,NJ,0.683,525
2024-01,Respivan,NJ,1.263,529
2024-02,Respivan,NJ,1.734,590
2024-03,Respivan,NJ,0.786,614
2024-04,Respivan,NJ,1.445,449
2024-05,Respivan,NJ,0.615,387
2024-06,Respivan,NJ,1.855,322
2024-07,Respivan,NJ,1.498,326
2024-08,Respivan,NJ,0.287,373
2024-09,Respivan,NJ,0.444,385
2024-10,Respivan,NJ,1.657,383
2024-11,Respivan,NJ,1.645,589
2024-12,Respivan,NJ,0.626,691
2025-01,Respivan,NJ,1.434,626
2025-02,Respivan,NJ,0.276,588
2025-03,Respivan,NJ,0.782,487
2025-04,Respivan,NJ,3.101,420
2025-05,Respivan,NJ,1.568,486
2025-06,Respivan,NJ,0.805,406
2025-07,Respivan,NJ,1.316,266
2025-08,Respivan,NJ,0.48,298
2025-09,Respivan,NJ,0.523,357
2025-10,Respivan,NJ,1.142,450
2025-11,Respivan,NJ,0.447,540
2025-12,Respivan,NJ,0.794,613
2022-01,Respivan,NY,0.901,1
2022-02,Respivan,NY,0.794,142
2022-03,Respivan,NY,1.122,257
2022-04,Respivan,NY,0.95,339
2022-05,Respivan,NY,1.017,306
2022-06,Respivan,NY,0.02,307
2022-07,Respivan,NY,1.334,301
2022-08,Respivan,NY,0.562,383
2022-09,Respivan,NY,0.02,471
2022-10,Respivan,NY,1.001,571
2022-11,Respivan,NY,0.567,700
2022-12,Respivan,NY,0.02,847
2023-01,Respivan,NY,1.042,852
2023-02,Respivan,NY,0.655,975
2023-03,Respivan,NY,0.163,986
2023-04,Respivan,NY,1.091,680
2023-05,Respivan,NY,0.824,658
2023-06,Respivan,NY,0.115,581
2023-07,Respivan,NY,0.951,490
2023-08,Respivan,NY,0.579,552
2023-09,Respivan,NY,0.369,666
2023-10,Respivan,NY,0.939,819
2023-11,Respivan,NY,0.78,1028
2023-12,Respivan,NY,0.02,1135
2024-01,Respivan,NY,1.13,1027
2024-02,Respivan,NY,1.0,1132
2024-03,Respivan,NY,0.126,1090
2024-04,Respivan,NY,1.178,830
2024-05,Respivan,NY,1.06,710
2024-06,Respivan,NY,0.238,640
2024-07,Respivan,NY,1.193,610
2024-08,Respivan,NY,0.711,617
2024-09,Respivan,NY,0.02,739
2024-10,Respivan,NY,1.221,858
2024-11,Respivan,NY,0.768,1054
2024-12,Respivan,NY,0.954,1221
2025-01,Respivan,NY,0.949,1287
2025-02,Respivan,NY,0.564,1173
2025-03,Respivan,NY,0.105,994
2025-04,Respivan,NY,0.777,823
2025-05,Respivan,NY,0.735,709
2025-06,Respivan,NY,0.02,618
2025-07,Respivan,NY,1.132,523
2025-08,Respivan,NY,0.978,624
2025-09,Respivan,NY,0.095,789
2025-10,Respivan,NY,1.156,844
2025-11,Respivan,NY,0.75,1054
2025-12,Respivan,NY,0.115,1176
2022-01,Respivan,OH,1.475,2
2022-02,Respivan,OH,1.783,70
2022-03,Respivan,OH,0.955,172
2022-04,Respivan,OH,1.397,198
2022-05,Respivan,OH,0.69,180
2022-06,Respivan,OH,0.94,204
2022-07,Respivan,OH,1.388,179
2022-08,Respivan,OH,0.647,260
2022-09,Respivan,OH,0.811,319
2022-10,Respivan,OH,1.455,375
2022-11,Respivan,OH,0.298,532
2022-12,Respivan,OH,1.072,588
2023-01,Respivan,OH,1.729,633
2023-02,Respivan,OH,0.505,695
2023-03,Respivan,OH,0.927,525
2023-04,Respivan,OH,1.394,483
2023-05,Respivan,OH,0.664,418
2023-06,Respivan,OH,0.72,369
2023-07,Respivan,OH,1.34,324
2023-08,Respivan,OH,0.358,404
2023-09,Respivan,OH,0.872,417
2023-10,Respivan,OH,1.617,502
2023-11,Respivan,OH,0.498,697
2023-12,Respivan,OH,1.937,739
2024-01,Respivan,OH,2.726,848
2024-02,Respivan,OH,0.533,970
2024-03,Respivan,OH,0.921,716
2024-04,Respivan,OH,1.708,584
2024-05,Respivan,OH,0.346,508
2024-06,Respivan,OH,0.851,358
2024-07,Respivan,OH,1.238,380
2024-08,Respivan,OH,0.472,426
2024-09,Respivan,OH,1.049,459
2024-10,Respivan,OH,2.742,573
2024-11,Respivan,OH,0.519,829
2024-12,Respivan,OH,1.015,857
2025-01,Respivan,OH,1.424,778
2025-02,Respivan,OH,0.581,805
2025-03,Respivan,OH,0.784,682
2025-04,Respivan,OH,1.473,594
2025-05,Respivan,OH,0.339,527
2025-06,Respivan,OH,0.764,399
2025-07,Respivan,OH,1.742,396
2025-08,Respivan,OH,0.523,455
2025-09,Respivan,OH,0.863,531
2025-10,Respivan,OH,1.472,571
2025-11,Respivan,OH,0.416,741
2025-12,Respivan,OH,0.72,742
2022-01,Respivan,PA,0.207,1
2022-02,Respivan,PA,0.602,91
2022-03,Respivan,PA,1.314,154
2022-04,Respivan,PA,0.19,207
2022-05,Respivan,PA,0.475,206
2022-06,Respivan,PA,0.978,221
2022-07,Respivan,PA,0.277,227
2022-08,Respivan,PA,0.487,271
2022-09,Respivan,PA,1.211,323
2022-10,Respivan,PA,0.02,459
2022-11,Respivan,PA,0.567,473
2022-12,Respivan,PA,1.538,575
2023-01,Respivan,PA,0.23,781
2023-02,Respivan,PA,1.742,703
2023-03,Respivan,PA,1.15,682
2023-04,Respivan,PA,0.293,573
2023-05,Respivan,PA,0.48,450
2023-06,Respivan,PA,1.087,401
2023-07,Respivan,PA,0.453,377
2023-08,Respivan,PA,0.589,375
2023-09,Respivan,PA,1.284,464
2023-10,Respivan,PA,0.179,645
2023-11,Respivan,PA,0.656,654
2023-12,Respivan,PA,1.18,743
2024-01,Respivan,PA,1.344,891
2024-02,Respivan,PA,1.647,905
2024-03,Respivan,PA,1.281,869
2024-04,Respivan,PA,0.02,735
2024-05,Respivan,PA,0.767,493
2024-06,Respivan,PA,2.453,432
2024-07,Respivan,PA,0.269,550
2024-08,Respivan,PA,0.251,486
2024-09,Respivan,PA,1.24,467
2024-10,Respivan,PA,0.281,654
2024-11,Respivan,PA,1.559,763
2024-12,Respivan,PA,1.188,920
2025-01,Respivan,PA,0.198,962
2025-02,Respivan,PA,0.442,868
2025-03,Respivan,PA,1.036,655
2025-04,Respivan,PA,0.183,624
2025-05,Respivan,PA,0.279,544
2025-06,Respivan,PA,1.219,413
2025-07,Respivan,PA,0.088,413
2025-08,Respivan,PA,0.327,447
2025-09,Respivan,PA,1.198,461
2025-10,Respivan,PA,0.333,638
2025-11,Respivan,PA,0.515,737
2025-12,Respivan,PA,1.384,834
2022-01,Respivan,TX,0.946,0
2022-02,Respivan,TX,1.721,204
2022-03,Respivan,TX,0.589,341
2022-04,Respivan,TX,1.728,411
2022-05,Respivan,TX,1.498,433
2022-06,Respivan,TX,1.129,472
2022-07,Respivan,TX,0.531,491
2022-08,Respivan,TX,1.597,485
2022-09,Respivan,TX,0.5,669
2022-10,Respivan,TX,0.541,846
2022-11,Respivan,TX,1.403,982
2022-12,Respivan,TX,0.706,1273
2023-01,Respivan,TX,0.326,1357
2023-02,Respivan,TX,1.605,1257
2023-03,Respivan,TX,0.559,1293
2023-04,Respivan,TX,0.567,1015
2023-05,Respivan,TX,1.306,799
2023-06,Respivan,TX,0.693,767
2023-07,Respivan,TX,0.671,692
2023-08,Respivan,TX,1.429,752
2023-09,Respivan,TX,0.871,1003
2023-10,Respivan,TX,0.357,1230
2023-11,Respivan,TX,1.607,1327
2023-12,Respivan,TX,1.885,1676
2024-01,Respivan,TX,0.541,1956
2024-02,Respivan,TX,1.406,1655
2024-03,Respivan,TX,0.792,1517
2024-04,Respivan,TX,0.57,1188
2024-05,Respivan,TX,1.465,918
2024-06,Respivan,TX,0.917,880
2024-07,Respivan,TX,0.618,815
2024-08,Respivan,TX,1.504,867
2024-09,Respivan,TX,0.567,1091
2024-10,Respivan,TX,0.499,1285
2024-11,Respivan,TX,1.621,1366
2024-12,Respivan,TX,1.793,1742
2025-01,Respivan,TX,0.557,2018
2025-02,Respivan,TX,1.824,1634
2025-03,Respivan,TX,0.729,1641
2025-04,Respivan,TX,2.026,1291
2025-05,Respivan,TX,1.536,1232
2025-06,Respivan,TX,0.696,977
2025-07,Respivan,TX,0.694,769
2025-08,Respivan,TX,1.514,845
2025-09,Respivan,TX,0.711,1112
2025-10,Respivan,TX,0.514,1329
2025-11,Respivan,TX,1.704,1418
2025-12,Respivan,TX,2.156,1782
2022-01,Respivan,VA,1.018,1
2022-02,Respivan,VA,0.243,52
2022-03,Respivan,VA,1.101,82
2022-04,Respivan,VA,1.104,138
2022-05,Respivan,VA,0.464,125
2022-06,Respivan,VA,1.096,146
2022-07,Respivan,VA,0.84,142
2022-08,Respivan,VA,0.299,168
2022-09,Respivan,VA,0.942,177
2022-10,Respivan,VA,2.23,277
2022-11,Respivan,VA,0.167,434
2022-12,Respivan,VA,1.226,414
2023-01,Respivan,VA,0.906,452
2023-02,Respivan,VA,0.17,463
2023-03,Respivan,VA,0.92,381
2023-04,Respivan,VA,0.812,342
2023-05,Respivan,VA,0.244,329
2023-06,Respivan,VA,1.271,226
2023-07,Respivan,VA,1.033,227
2023-08,Respivan,VA,0.02,283
2023-09,Respivan,VA,1.12,298
2023-10,Respivan,VA,0.714,374
2023-11,Respivan,VA,0.02,487
2023-12,Respivan,VA,2.34,450
2024-01,Respivan,VA,0.974,617
2024-02,Respivan,VA,0.11,574
2024-03,Respivan,VA,1.014,452
2024-04,Respivan,VA,0.95,362
2024-05,Respivan,VA,0.181,373
2024-06,Respivan,VA,1.032,229
2024-07,Respivan,VA,1.0,278
2024-08,Respivan,VA,0.077,304
2024-09,Respivan,VA,2.375,313
2024-10,Respivan,VA,1.948,458
2024-11,Respivan,VA,0.226,645
2024-12,Respivan,VA,0.878,546
2025-01,Respivan,VA,0.533,519
2025-02,Respivan,VA,0.247,541
2025-03,Respivan,VA,1.122,430
2025-04,Respivan,VA,0.982,422
2025-05,Respivan,VA,0.319,368
2025-06,Respivan,VA,1.259,238
2025-07,Respivan,VA,0.848,298
2025-08,Respivan,VA,0.035,288
2025-09,Respivan,VA,2.667,310
2025-10,Respivan,VA,0.796,502
2025-11,Respivan,VA,0.042,525
2025-12,Respivan,VA,0.876,488
2022-01,Respivan,WA,1.086,1
2022-02,Respivan,WA,0.209,71
2022-03,Respivan,WA,0.694,97
2022-04,Respivan,WA,1.089,137
2022-05,Respivan,WA,0.506,144
2022-06,Respivan,WA,0.339,117
2022-07,Respivan,WA,1.008,133
2022-08,Respivan,WA,0.303,149
2022-09,Respivan,WA,0.593,210
2022-10,Respivan,WA,1.151,244
2022-11,Respivan,WA,0.188,369
2022-12,Respivan,WA,1.549,361
2023-01,Respivan,WA,1.447,466
2023-02,Respivan,WA,0.111,493
2023-03,Respivan,WA,0.652,361
2023-04,Respivan,WA,1.518,319
2023-05,Respivan,WA,0.358,300
2023-06,Respivan,WA,0.225,287
2023-07,Respivan,WA,1.313,224
2023-08,Respivan,WA,0.285,264
2023-09,Respivan,WA,0.451,319
2023-10,Respivan,WA,1.337,338
2023-11,Respivan,WA,0.22,500
2023-12,Respivan,WA,0.447,477
2024-01,Respivan,WA,1.204,503
2024-02,Respivan,WA,0.448,514
2024-03,Respivan,WA,0.422,430
2024-04,Respivan,WA,1.368,390
2024-05,Respivan,WA,0.259,370
2024-06,Respivan,WA,0.487,265
2024-07,Respivan,WA,2.857,251
2024-08,Respivan,WA,0.4,364
2024-09,Respivan,WA,0.293,336
2024-10,Respivan,WA,1.374,370
2024-11,Respivan,WA,0.229,509
2024-12,Respivan,WA,0.454,503
2025-01,Respivan,WA,1.151,488
2025-02,Respivan,WA,0.165,524
2025-03,Respivan,WA,0.583,424
2025-04,Respivan,WA,1.543,404
2025-05,Respivan,WA,0.298,379
2025-06,Respivan,WA,0.473,291
2025-07,Respivan,WA,1.273,287
2025-08,Respivan,WA,0.333,281
2025-09,Respivan,WA,0.584,305
2025-10,Respivan,WA,1.228,394
2025-11,Respivan,WA,0.432,512
2025-12,Respivan,WA,0.427,524
